tag,method,P,H,seed,iters,n_grid,order_opt,order_final,stage,padding_nm,design_radius_nm,runtime_s,sha256_rho,R_cross,R_co,R_cross_21,R_co_22,T_cross,T_co,abs_rx,abs_ry,abs_rxy,abs_ryx,dphi_r_deg,pb_phase_err_deg,R_total_x,R_total_y,T_total_x,T_total_y,A_x,A_y,rxx_re,rxx_im,rxy_re,rxy_im,ryx_re,ryx_im,ryy_re,ryy_im,txx_re,txx_im,tyy_re,tyy_im,f_ED_x,f_MD_x,f_EQ_x,f_MQ_x,px_in_ED_x,py_in_ED_x,mx_in_MD_x,my_in_MD_x,f_ED_y,f_MD_y,f_EQ_y,f_MQ_y,px_in_ED_y,py_in_ED_y,mx_in_MD_y,my_in_MD_y,n_components,n_air_components,min_si_linewidth_nm,min_air_gap_nm,radial_extent_nm,edge_clearance_nm,fill,T_tot_mean,A_mean,score,fab_ok
A_P190_H110_s11_g80_o7,A,190.0,110.0,11,120,80,7,9,coarse,20.0,75.0,722.4167268276215,21b3c66cbbf28335630a20b86958042bf7c47972068c0682e8db90dd268961ba,0.0067108627408742905,0.26813724637031555,0.006595308892428875,0.2668779790401459,0.012068504467606544,0.5142427086830139,0.5459458827972412,0.5002632737159729,0.0002901543921325356,0.0010403294581919909,17.23410415649414,162.76589965820312,0.2980579733848572,0.25026342272758484,0.4989827275276184,0.55292809009552,0.20295929908752441,0.19680845737457275,-0.25694990158081055,0.4816987216472626,0.0002897020895034075,-1.6195015632547438e-05,-0.0007503108354285359,-0.0007206379668787122,-0.09410402923822403,0.49133265018463135,-0.703601598739624,0.06266241520643234,-0.6877604126930237,0.28269001841545105,0.532868922378058,0.46506282944825594,0.002015983316273935,5.226485741214112e-05,0.9975901140837291,2.3383439555082046e-05,3.8971035177525936e-07,0.9999637594467577,0.4906723724269011,0.5062506512540053,0.002994214501150002,8.276181794379779e-05,1.4583883666292138e-05,0.9942100257865002,0.9999829264752836,9.33659632279292e-08,1,1,121.125,2.375,74.97254705890684,0.02745294109315921,0.443125,0.5259554088115692,0.19988387823104858,-0.6616119642804066,False
A_P190_H140_s11_g80_o7,A,190.0,140.0,11,120,80,7,9,coarse,20.0,75.0,749.5886850357056,a18eb62863f0705b86e03aaec5270fe3283676b039b3f65d3fd8ab47626c5b22,0.09574827551841736,0.16057874262332916,0.09585990756750107,0.16071030497550964,0.21886003017425537,0.3877377510070801,0.24200350046157837,0.6740411520004272,0.00015236411127261817,8.997479017125443e-05,-66.57797241210938,113.42202758789062,0.05856570228934288,0.45433151721954346,0.8645846843719482,0.3488720655441284,0.07684963941574097,0.19679641723632812,0.07151971757411957,0.2311939150094986,-8.046627044677734e-05,-0.00012938315921928734,6.890355871291831e-05,-5.7859851949615404e-05,-0.5116924047470093,0.4387509226799011,-0.6328085064888,0.6812767386436462,-0.535535454750061,-0.24914613366127014,0.6209556282054888,0.365197629990881,0.01364367027002555,0.00020307153360464813,0.9935450961027407,1.353102023505264e-05,1.2328099926969362e-07,0.9999984520550996,0.4816576072008533,0.5150998462031984,0.003109508654361319,0.00013303794158696207,9.813756784545225e-06,0.9980256102344858,0.9999307484946216,1.3852454365365061e-08,1,1,78.375,2.375,74.82192400961098,0.17807599038901856,0.315625,0.6067283749580383,0.13682302832603455,-0.47694199591875075,False
A_P190_H170_s11_g80_o7,A,190.0,170.0,11,120,80,7,9,coarse,20.0,75.0,775.5130562782288,88c88ced618b905ea7da49d969c799f63924db00f372823794a4720c71401cb3,0.1313449889421463,0.19342368841171265,0.13161586225032806,0.1938203126192093,0.2795500159263611,0.26677587628364563,0.2667222321033478,0.7609614133834839,5.859685188625008e-05,0.0014008446596562862,-72.17153930664062,107.82846069335938,0.07114271074533463,0.579062283039093,0.8639743328094482,0.2291523665189743,0.06488293409347534,0.19178535044193268,-0.019071873277425766,0.26603949069976807,-3.6517980333883315e-05,4.582606561598368e-05,0.0013759302673861384,-0.0002630240051075816,-0.739223062992096,0.1805865317583084,-0.8123080730438232,0.4518040418624878,-0.21978990733623505,-0.42525845766067505,0.5378048647595542,0.429968394599393,0.031356720474576466,0.0008700201664760322,0.9866549983012947,6.725020837318204e-06,4.3290935510765e-06,0.9999920697154463,0.44237508446059104,0.5539872825615862,0.0024272930380400326,0.0012103399397827813,5.997761625066903e-06,0.9978805904629122,0.9999648977245834,3.347572400112117e-08,1,1,73.625,2.375,74.82192400961098,0.17807599038901856,0.291875,0.5465633496642113,0.128334142267704,-0.4183626312514146,False
A_P190_H200_s11_g80_o7,A,190.0,200.0,11,120,80,7,9,coarse,20.0,75.0,806.3495409488678,8425e041acdfa33156212becf98994f2eb65e791b714031813d198c10ecbccc5,0.1002369150519371,0.15647883713245392,0.09981372952461243,0.15690366923809052,0.38993120193481445,0.22790154814720154,0.22352862358093262,0.6807846426963806,5.222564868745394e-05,0.0006524315685965121,291.8620910644531,111.86209106445312,0.049965471029281616,0.46346771717071533,0.9099606275558472,0.32702407240867615,0.04007387161254883,0.20950821042060852,-0.09127843379974365,0.20404237508773804,3.605846723075956e-05,3.777969322982244e-05,-0.00015799130778759718,0.0006330132018774748,-0.6802647709846497,-0.026600126177072525,-0.8985692858695984,0.3202067017555237,-0.02369886077940464,-0.571368932723999,0.5705424813405187,0.3738238181173262,0.053762041899767916,0.0018716586423871999,0.9920882841984277,5.1491122295501626e-05,6.395648214169167e-06,0.9999930645882582,0.41362649405552493,0.5776059405349243,0.0037613239739875868,0.00500624143556327,8.405559274555476e-06,0.998262579414689,0.9999550850907407,1.7704747468405267e-07,1,1,68.875,2.375,74.82192400961098,0.17807599038901856,0.25625,0.6184923499822617,0.12479104101657867,-0.4736854969461759,False
A_P190_H230_s11_g80_o7,A,190.0,230.0,11,120,80,7,9,coarse,20.0,75.0,971.7317128181458,779753dd3ebebc8b86135b2f93c1c382dc4eb652b02ba310fb806df376b1d730,0.0032178261317312717,0.07215235382318497,0.0031821730080991983,0.07231517881155014,0.04758216440677643,0.8027825355529785,0.21382898092269897,0.3242601156234741,2.5710231057018973e-05,0.00030919781420379877,-5.35340690612793,174.64659118652344,0.04572293162345886,0.10514461994171143,0.9161890745162964,0.7860033512115479,0.03808796405792236,0.10885202884674072,-0.1613503098487854,0.1403171867132187,-1.9977534975623712e-05,1.6183759726118296e-05,0.0001392039266647771,0.0002760897623375058,-0.26346418261528015,0.1890270859003067,-0.9554353356361389,0.05772142484784126,-0.8125155568122864,-0.3547137677669525,0.595842617480453,0.3382990648518765,0.06360279598130737,0.0022555216863632934,0.9971044276900225,0.0001211972884468723,1.9710929699130794e-05,0.9999002871747439,0.44671738710057596,0.5179842033721155,0.030957074332181637,0.004341335195127008,3.8924295764712636e-05,0.995741418407902,0.9999660270954932,3.3269640082288755e-06,1,1,64.125,49.875,52.492335750088316,22.507664249911684,0.180625,0.8510962128639221,0.07346999645233154,-0.7494841091893614,True
A_P190_H260_s11_g80_o7,A,190.0,260.0,11,120,80,7,9,coarse,20.0,75.0,1293.327168226242,bf35dc019c5611cc0b49f25b2722a5509f7d1ad163ca11e1b62f61a5c1a2f3c9,0.0015745535492897034,0.05214851349592209,0.0015699348878115416,0.05220949649810791,0.13854311406612396,0.7385153770446777,0.19093379378318787,0.2665460407733917,3.943276169593446e-05,9.51979891397059e-05,-6.075835704803467,173.92416381835938,0.03645572066307068,0.07104679197072983,0.945338785648346,0.8097468614578247,0.018205463886260986,0.11920636892318726,-0.17734873294830322,0.07073286175727844,-1.812654227251187e-05,-3.501958417473361e-05,1.90205464605242e-05,9.327848965767771e-05,-0.2566419243812561,0.07198414206504822,-0.9722578525543213,-0.007301523815840483,-0.6126005053520203,-0.6591414213180542,0.5421337696198266,0.3488232571318703,0.10376961710996974,0.0052733561383333126,0.9954374454679985,0.00021937277344835786,3.71738884056117e-05,0.9999624810236972,0.43600580652759846,0.5178123914965223,0.03666033241545135,0.00952146956042778,3.8934912194360375e-05,0.9981677163243763,0.9999512468552697,6.0243896030726195e-06,1,1,59.375,54.625,54.49577105152289,20.504228948477113,0.154375,0.8775428235530853,0.06870591640472412,-0.7531447213391462,True
A_P208_H110_s11_g80_o7,A,208.0,110.0,11,120,80,7,9,coarse,20.8,83.2,724.1119084358215,37a92b55c22181986900e97d069a8e3881cc981fc88f085f282551b47221a432,0.03727753087878227,0.27214759588241577,0.03725985437631607,0.2720625400543213,0.0549914687871933,0.41830435395240784,0.618518054485321,0.485986590385437,0.00010693589865695685,1.1223361070733517e-05,38.62505340576172,141.37493896484375,0.38256457448005676,0.23618298768997192,0.3904012143611908,0.5560852885246277,0.22703424096107483,0.2077317237854004,-0.38688674569129944,0.4825797379016876,9.617680916562676e-05,-4.6747270971536636e-05,-1.1087021448474843e-05,1.7440706869820133e-06,-0.0007997676730155945,0.4859859347343445,-0.6227717995643616,-0.05056188628077507,-0.6172328591346741,0.4184601306915283,0.5219810909181809,0.4768931182833863,0.0010826204722129541,4.317032621993014e-05,0.998001213365974,7.937008363480197e-06,8.304403438376363e-10,0.999933490387477,0.4701052054345586,0.5278419191861844,0.001969437715092026,8.343766416489175e-05,8.57675391049058e-06,0.9903932471361188,0.9999850881767562,2.2449551195922683e-08,1,1,117.0,2.6,83.1390401676613,0.060959832338696174,0.39625,0.47324325144290924,0.2173829823732376,-0.5710427910586198,False
A_P208_H140_s11_g80_o7,A,208.0,140.0,11,120,80,7,9,coarse,20.8,83.2,736.594660282135,6b457b02c50a9b98d61371b27d0647cc0e2351679918ba91c5447d6de1af1c85,0.1783207654953003,0.3288349509239197,0.17821398377418518,0.3287033140659332,0.1260060966014862,0.1839476227760315,0.8583283424377441,0.5266361236572266,5.010982931707986e-05,0.00016562105156481266,70.55213928222656,109.44786834716797,0.7367275357246399,0.27734559774398804,0.0753050148487091,0.5444462299346924,0.187967449426651,0.17820817232131958,-0.8310714960098267,0.21458730101585388,1.535568844701629e-05,4.769903534906916e-05,7.112171442713588e-05,-0.000149572835653089,-0.04562452435493469,0.5246560573577881,-0.1725573092699051,-0.21337519586086273,-0.6824108958244324,0.2806450128555298,0.48648531575913345,0.5123745005115424,0.0008534558748899232,0.00028672785443419204,0.9981970943149463,6.703255423724676e-06,4.553373987965767e-09,0.9999288711924578,0.3817814751114511,0.6108377107981029,0.007031446027661424,0.00034936806278469326,1.1070744125530167e-05,0.9755896500270761,0.9999947315534169,2.578174301120813e-09,1,1,91.0,2.6,83.1390401676613,0.060959832338696174,0.33875,0.30987562239170074,0.1830878108739853,-0.3234476350744565,False
A_P208_H170_s11_g80_o7,A,208.0,170.0,11,120,80,7,9,coarse,20.8,83.2,769.6820690631866,64babb0fda29334f9a0ce4008014f6bce285366617bcba7aebcfdc6a8e8b5ab1,0.22911538183689117,0.2631746232509613,0.22906987369060516,0.2631447911262512,0.18835851550102234,0.1489991396665573,0.8636027574539185,0.4885643422603607,4.548899960354902e-05,7.948410348035395e-05,-274.6311950683594,94.63121032714844,0.7458097338676453,0.23869511485099792,0.058041058480739594,0.6166064739227295,0.19614920020103455,0.1446983814239502,-0.8399100303649902,-0.20090007781982422,-4.548733704723418e-05,3.8884536479599774e-07,5.575779505306855e-05,-5.6646189477760345e-05,-0.1516491174697876,0.46443262696266174,0.02018335834145546,-0.2400701642036438,-0.7790398001670837,0.09850600361824036,0.4820113697480807,0.511078704746951,0.004170994804781299,0.00273893070018685,0.9982177676923969,6.259885493359753e-06,8.17279619563117e-09,0.9999095000387159,0.4005224392909003,0.5839373725142843,0.014312781958787338,0.0012274062360279154,9.905505278426046e-06,0.9765005386544152,0.9999967153031578,1.081745355884765e-08,1,1,85.8,2.6,83.1390401676613,0.060959832338696174,0.310625,0.33732376620173454,0.17042379081249237,-0.22885249676803748,False
A_P208_H200_s11_g80_o7,A,208.0,200.0,11,120,80,7,9,coarse,20.8,83.2,783.9337379932404,86f71296122213345853a7c2ac96796f4e9f05834b4d9ba1c848e41629129e21,0.15074531733989716,0.1509345918893814,0.15098708868026733,0.15069818496704102,0.4265073239803314,0.133818581700325,0.2177746742963791,0.7456134557723999,2.9491879104170948e-05,0.00031212385511025786,269.982421875,89.98242950439453,0.04742590710520744,0.5559394359588623,0.916318416595459,0.2033744752407074,0.03625565767288208,0.2406860888004303,-0.06852162629365921,0.20671379566192627,2.840304841811303e-05,7.93963590695057e-06,0.00010529872088227421,-0.0002938256075140089,-0.7076714038848877,-0.23482033610343933,-0.869383692741394,0.4006121754646301,0.13868282735347748,-0.4291171729564667,0.5893277186950653,0.3586672656342792,0.05040700769549657,0.0015980079751590599,0.9927570828735071,3.507141070442982e-05,2.555354860308694e-07,0.9999928926280988,0.4131845179853689,0.57910299039653,0.0011411062373414922,0.00657138538075962,7.936817887271002e-06,0.9980372368279561,0.9999119316682293,1.8908812664475182e-08,1,1,65.0,2.6,83.1390401676613,0.060959832338696174,0.23625,0.5598464459180832,0.1384708732366562,-0.3546159174044927,False
A_P208_H230_s11_g80_o7,A,208.0,230.0,11,120,80,7,9,coarse,20.8,83.2,851.5917866230011,8206dfe18c2b84c23ef928b686dba1459e26d5c25f932f9dd98ed3e6c9019a5a,0.07865413278341293,0.1293361335992813,0.07849514484405518,0.1297404170036316,0.4848117232322693,0.16919581592082977,0.19722141325473785,0.6142711639404297,1.3604233572550584e-05,0.0006924510234966874,294.877197265625,114.87718200683594,0.03889676555991173,0.3773290514945984,0.9393706917762756,0.37008506059646606,0.021732568740844727,0.25258588790893555,-0.1316714882850647,0.1468295156955719,-6.759997631888837e-06,1.1805829672084656e-05,0.00036102792364545166,0.0005908868624828756,-0.587407112121582,-0.17967180907726288,-0.9375838041305542,0.24557368457317352,0.18544161319732666,-0.579393208026886,0.5878023287851691,0.3287855700758399,0.08057057220965881,0.002841528929332024,0.994979268876418,4.1141894417803436e-05,2.374591287138656e-05,0.9999680926541581,0.3550836715934696,0.6332279057821409,0.0018031913786201049,0.009885231245769332,1.6115492377917464e-05,0.9981091338315973,0.9999366923797718,7.075242943128575e-07,1,1,59.800000000000004,2.6,82.1575316084898,1.042468391510198,0.19625,0.6547278761863708,0.13715922832489014,-0.5048398421208063,False
A_P208_H260_s11_g80_o7,A,208.0,260.0,11,120,80,7,9,coarse,20.8,83.2,973.2552988529205,5c07ccc4a11d57388b1e3d480a9f2e6ab98dc0e196cb0f96ce32e1bff4f8489d,0.00029105314752086997,0.10817413777112961,0.0002921732375398278,0.10818382352590561,0.007808643858879805,0.6547290086746216,0.32020312547683716,0.3382471799850464,3.707996438606642e-05,9.110707651416305e-06,5.050050735473633,174.949951171875,0.10253003984689713,0.11441115289926529,0.6677097678184509,0.6571139097213745,0.22976016998291016,0.2284749150276184,-0.2956215441226959,-0.12303636968135834,-3.2199357519857585e-05,-1.838817843236029e-05,-6.115671567386016e-06,6.753039997420274e-06,-0.32250887155532837,-0.10197638720273972,-0.6075567007064819,0.5464289784431458,-0.4716663956642151,0.6592758893966675,0.09658148470451998,0.5161213157455532,0.3393980897091505,0.047899109840776256,0.9528895673118933,0.00010748931192879666,4.1049804409043464e-06,0.9999599461572741,0.03746339916789254,0.6723116613469119,0.22224101894582762,0.06798392053936811,0.00031464351311087115,0.7767384599793253,0.9999883101729866,3.029785712355122e-06,1,1,137.8,2.6,82.32192903473535,0.878070965264655,0.45625,0.6624118387699127,0.22911754250526428,-0.6765851870761252,False
A_P226_H110_s11_g80_o7,A,226.0,110.0,11,120,80,7,9,coarse,22.6,90.4,726.9504308700562,cdeac43ed3de132c6e17cf60aa1af7eca9d7006419a71b8da1c366b6c0be5abd,0.0033064703457057476,0.486598938703537,0.0032957266084849834,0.4865764081478119,0.0036593687254935503,0.2843702733516693,0.7306069135665894,0.6678256392478943,0.00015595673175994307,0.00011544342851266265,7.900684833526611,172.0993194580078,0.5337864756584167,0.4459911286830902,0.23897425830364227,0.33696845173835754,0.22723926603794098,0.21704038977622986,-0.5285972952842712,0.5043524503707886,0.0001521703670732677,-3.415670289541595e-05,0.00011422905663494021,-1.6700545529602095e-05,-0.4152190685272217,0.5230527520179749,-0.4775727689266205,-0.10439590364694595,-0.5791962742805481,-0.03873012587428093,0.5209645499087076,0.477053622330662,0.0019559445354152844,2.588322521520529e-05,0.9979819168988737,1.1369609753691736e-05,9.846347507259632e-08,0.9998842135463568,0.4759325833093731,0.523171996313294,0.0006733119078046092,0.00022210846952821283,2.413658559557624e-05,0.9957688156083944,0.9999390683347272,1.270233702749706e-07,1,3,87.575,2.825,90.24537557404258,0.15462442595742232,0.449375,0.2879713550209999,0.22213982790708542,-0.6708108756132424,False
A_P226_H140_s11_g80_o7,A,226.0,140.0,11,120,80,7,9,coarse,22.6,90.4,731.2970683574677,25a495f739a1b61874181618078e251a19705ccfd44018879e4dd6a6cc141654,0.22978374361991882,0.18300697207450867,0.22976736724376678,0.18305879831314087,0.22370947897434235,0.21118290722370148,0.29029756784439087,0.8610134720802307,5.061026968178339e-05,3.907421705662273e-05,-100.7782211303711,79.22177124023438,0.08427267521619797,0.7413442134857178,0.8199546337127686,0.04984722286462784,0.09577268362045288,0.20880857110023499,0.11873343586921692,0.26490575075149536,-4.5940018026158214e-05,-2.1234736777842045e-05,-1.9567160052247345e-05,3.382189606782049e-05,-0.8376976847648621,0.19901444017887115,-0.5741251111030579,0.7002392411231995,-0.16357582807540894,-0.1519545018672943,0.4988832599626549,0.4884290094938264,0.01240097579180707,0.00028675475171144,0.9756306921511361,1.1566619962190494e-05,7.025882044302002e-08,0.9999985356765866,0.4861221886587368,0.5126531994998393,0.0010303583539344246,0.00019425348748955133,9.99608763314303e-06,0.998088352943629,0.9999098675210399,1.4780329797325305e-08,1,1,81.92500000000001,2.825,90.33376479755508,0.06623520244492909,0.273125,0.4349009282886982,0.15229062736034393,-0.21120649196207522,False
A_P226_H170_s11_g80_o7,A,226.0,170.0,11,120,80,7,9,coarse,22.6,90.4,764.896591424942,42946355de334e9b10a93de5bbffe21af1eee4fb1a151c3b4647b3fc0051c196,0.30965936183929443,0.2568667232990265,0.30980560183525085,0.25710329413414,0.1298992782831192,0.10775844752788544,0.8885838389396667,0.586390495300293,4.9072936235461384e-05,0.00021193617430981249,-264.1899108886719,84.18993377685547,0.789581298828125,0.34385380148887634,0.008021260611712933,0.4674281179904938,0.2023974359035492,0.1887180507183075,-0.7707378268241882,-0.4422040581703186,1.2594557119882666e-05,-4.7429213736904785e-05,-8.157467527780682e-05,0.0001956080668605864,-0.23882971704006195,0.5355503559112549,0.030060511082410812,-0.08436565101146698,-0.6834766864776611,0.01696363463997841,0.5422546430112578,0.4379558733602183,0.01613206880287505,0.00365741482564879,0.9987467875659788,3.794745932654128e-06,8.82430786935207e-08,0.9998518638292588,0.3194074105617878,0.6693293660763994,0.00991740452698936,0.0013458188348234154,1.0810790473945943e-05,0.9528776245222247,0.9999960523018595,3.1837946111181584e-08,1,1,87.575,48.025000000000006,90.33376479755508,0.06623520244492909,0.295625,0.23772468930110335,0.19555774331092834,-0.0779529007555296,True
A_P226_H200_s11_g80_o7,A,226.0,200.0,11,120,80,7,9,coarse,22.6,90.4,779.1022472381592,4a4e13046284fb82050e29a0f7efe3ba56c773e086759e7a2601225f6eed542c,0.262555867433548,0.15265320241451263,0.2625746726989746,0.1527131050825119,0.2602592408657074,0.08959343284368515,0.7859860062599182,0.461218923330307,6.562573253177106e-05,5.75231242692098e-05,-252.3553009033203,72.35529327392578,0.6177740097045898,0.21272289752960205,0.06311558932065964,0.6366606950759888,0.3191103935241699,0.15061640739440918,-0.46732598543167114,-0.6319655179977417,2.476082408975344e-05,-6.077530997572467e-05,-5.694344872608781e-05,-8.145758329192176e-06,-0.2702706456184387,0.37373343110084534,0.23509860038757324,-0.08856768906116486,-0.7831605672836304,-0.15270963311195374,0.4708832474465031,0.484226814090327,0.02855331660538621,0.016336621857783735,0.9977336851883168,7.870989839970777e-06,9.934847050043225e-08,0.9998880989982923,0.3436318814002132,0.630420767090419,0.021347398046652713,0.004599953462714967,5.245985461901354e-05,0.9577479986763481,0.9999921812665212,4.149416325311352e-07,1,1,87.575,59.325,84.77353839789868,5.62646160210133,0.26,0.3498881421983242,0.23486340045928955,-0.10930696032941341,True
A_P226_H230_s11_g80_o7,A,226.0,230.0,11,120,80,7,9,coarse,22.6,90.4,789.7247166633606,da5885ef85a80cdcf1040f33aeb090921f98f7219f769cdbefb1837afcf755e4,0.00021318282233551145,0.03876923769712448,0.00021391209156718105,0.038764581084251404,0.006176639813929796,0.739807665348053,0.1830621361732483,0.2108297049999237,1.867630817287136e-05,2.201953248004429e-05,-2.6596755981445312,177.34031677246094,0.03351174667477608,0.04444916546344757,0.7453101873397827,0.7466776371002197,0.2211780548095703,0.2088732123374939,-0.178812637925148,-0.0392146110534668,-1.407047784596216e-05,-1.2281128874747083e-05,1.2886355762020685e-05,-1.7855018086265773e-05,-0.20361807942390442,-0.0546703115105629,-0.5495230555534363,0.6658337712287903,-0.420085072517395,0.7551199793815613,0.11781983197494049,0.44779494687061533,0.3911107445959345,0.043274476558509696,0.9682751050068356,7.172465277137822e-05,4.518329533172341e-06,0.9999527826441357,0.04577071762062765,0.6538966088118615,0.24341033629521291,0.05692233727229787,0.00021016807497610017,0.8760280080086812,0.9999804619921279,2.822267048153068e-06,1,1,149.72500000000002,2.825,89.97968694377639,0.4203130562236197,0.45375,0.7459939122200012,0.2150256335735321,-0.6877355867569956,False
A_P226_H260_s11_g80_o7,A,226.0,260.0,11,120,80,7,9,coarse,22.6,90.4,855.699431180954,d952d4c77185b1f2276859a4aa69aeeaece3bc660d79ceec44cb0618e3377a38,0.0035729885566979647,0.059532131999731064,0.0035641088616102934,0.05952288210391998,0.03231637179851532,0.6610527634620667,0.18481490015983582,0.30337363481521606,5.1546092436183244e-05,8.430365414824337e-05,-3.5733227729797363,176.42666625976562,0.03415655344724655,0.09203556180000305,0.738171398639679,0.648409903049469,0.2276720404624939,0.25955456495285034,-0.18126192688941956,-0.036064714193344116,-1.2817290553357452e-05,4.992711546947248e-05,6.801025301683694e-05,4.98167792102322e-05,-0.29327327013015747,-0.07762963324785233,-0.7260699272155762,0.4593406915664673,-0.438632994890213,0.675285816192627,0.09690937995500878,0.42014293431809885,0.4441793855147974,0.038768300212095,0.9513691239508194,0.00015118099092590933,1.3096065770388155e-05,0.9999260855801452,0.03451532133088794,0.6819158213049396,0.22336003629148105,0.06020882107269131,0.0005567633915432947,0.6836017877633797,0.999980025262022,6.599703660338058e-06,1,3,104.525,2.825,89.53512055333371,0.8648794466662935,0.408125,0.693290650844574,0.24361330270767212,-0.6668828466317306,False
A_P244_H110_s11_g80_o7,A,244.0,110.0,11,120,80,7,9,coarse,24.400000000000002,97.6,730.8801658153534,6def1e79a2164b7c087f50d142dbd78c471724a8bf659489c1780e309e6416c7,0.13428650796413422,0.27572524547576904,0.1343216747045517,0.2757693827152252,0.11004815995693207,0.23454153537750244,0.7605036497116089,0.4916676878929138,6.620456406380981e-05,8.533735672244802e-05,67.77304077148438,112.22696685791016,0.5783658027648926,0.24173711240291595,0.1686256229877472,0.5204169750213623,0.25300857424736023,0.23784589767456055,-0.6523870229721069,0.39084136486053467,-1.2758164302795194e-05,6.49636349407956e-05,8.504225843353197e-05,-7.0907535700825974e-06,0.07435837388038635,0.4860122799873352,-0.3858252465724945,-0.14058630168437958,-0.5089991092681885,0.5112111568450928,0.5348221433275974,0.46331430421958847,0.0018290640121513154,3.448844066284339e-05,0.9987662014482797,5.411015674526488e-06,7.813735206802359e-09,0.999833524002959,0.42156404538890174,0.5771266185616843,0.0012221427873891277,8.719326202479989e-05,6.486942113212968e-06,0.9794731856014847,0.9999785115923714,8.078412329541572e-08,1,1,106.75,3.05,97.52848942744886,0.07151057255113358,0.330625,0.34452129900455475,0.2454272359609604,-0.36288170903921124,False
A_P244_H140_s11_g80_o7,A,244.0,140.0,11,120,80,7,9,coarse,24.400000000000002,97.6,734.322103023529,1b9a0102f8e2f0d746b813870e44d90eb5f410b7270e0553486a3e6526385eec,0.2475469708442688,0.15358500182628632,0.24756589531898499,0.15357014536857605,0.24146652221679688,0.21993759274482727,0.20551633834838867,0.8717976808547974,2.9357719540712424e-05,2.703169229789637e-05,-121.63643646240234,58.36355209350586,0.04223696514964104,0.7600312232971191,0.8977528214454651,0.024941975250840187,0.06001019477844238,0.21502679586410522,0.12875229120254517,0.1601867973804474,-2.9255346817080863e-05,2.449561179673765e-06,-1.3057790965831373e-05,-2.3668681023991667e-05,-0.8650095462799072,0.10858017206192017,-0.43729713559150696,0.8405498266220093,-0.12817610800266266,-0.09226517379283905,0.5801218812232035,0.40422700619533897,0.01517144669360167,0.00047966588785596035,0.9773888782548563,1.3642226099024268e-05,9.053649299826002e-08,0.9999996798668704,0.4999950492223777,0.49627460636237464,0.003576921741471492,0.000153422673776208,9.612088586197709e-06,0.9986089673351554,0.9998398321573247,2.983216991575605e-08,1,1,76.25,57.949999999999996,97.52848942744886,0.07151057255113358,0.236875,0.46134739834815264,0.1375184953212738,-0.15719181606546045,True
A_P244_H170_s11_g80_o7,A,244.0,170.0,11,120,80,7,9,coarse,24.400000000000002,97.6,750.3990771770477,8b28a1e78fb54c15acc60a4f5a9e29b726750cccc9498932eae79c55fa751170,0.3855910897254944,0.20165061950683594,0.3857710063457489,0.20171108841896057,0.09432168304920197,0.1059107631444931,0.8884957432746887,0.6207247376441956,1.4230713532015216e-05,0.0001345625496469438,-250.5108184814453,70.51081848144531,0.7894246578216553,0.3852992057800293,0.00048678263556212187,0.39999139308929443,0.2100885659456253,0.21470940113067627,-0.6373103857040405,-0.6190800666809082,-1.1989006452495232e-05,7.666611054446548e-06,-0.00011568845366127789,6.872599624330178e-05,-0.25917863845825195,0.5640262961387634,-0.01795186474919319,0.012824823148548603,-0.6318353414535522,0.027848217636346817,0.609830888867201,0.3512207973829565,0.03480516393130299,0.0041431498185393765,0.999218786816713,2.0882109804081003e-06,2.1059824056376707e-07,0.9997758470271616,0.29079801998197946,0.696686782648473,0.011220220131410859,0.0012949772381368287,1.3253549296763136e-05,0.9263062341670609,0.9999917337382574,4.5006283394380685e-08,1,1,88.44999999999999,9.149999999999999,97.52848942744886,0.07151057255113358,0.275,0.20023908786242828,0.2123989835381508,0.06712820523845343,False
A_P244_H200_s11_g80_o7,A,244.0,200.0,11,120,80,7,9,coarse,24.400000000000002,97.6,776.9961733818054,fd94de871d87bf124e4325f9aecc9c797dfb2d7859b10dcd0eef40125b326dcc,0.3417074382305145,0.1575750857591629,0.34171009063720703,0.1575544774532318,0.15580977499485016,0.0691077709197998,0.804997444152832,0.5920527577400208,3.492655741865747e-05,8.213391083700117e-06,-247.27120971679688,67.27122497558594,0.64802086353302,0.35052648186683655,0.01775086298584938,0.4320428967475891,0.3342282772064209,0.21743065118789673,-0.29379451274871826,-0.7494702339172363,-6.24471113042091e-06,3.436375845922157e-05,-8.278620953205973e-07,8.171562512870878e-06,-0.424923300743103,0.41227012872695923,0.1292390525341034,0.03237459808588028,-0.6071966290473938,-0.25170445442199707,0.5408635213780913,0.3942964219402841,0.0449268705917884,0.019913186089836225,0.9979196589281508,5.1853681312736866e-06,4.875580224433823e-07,0.999802003722025,0.297066964837172,0.6873739666282297,0.011411583927170904,0.00414748460742746,4.2639084086229444e-05,0.943020360450485,0.9999819560572318,1.1065205241720771e-07,1,2,82.35,64.05,86.93837616380927,10.661623836190728,0.240625,0.22489687986671925,0.2758294641971588,0.03835274712493024,True
A_P244_H230_s11_g80_o7,A,244.0,230.0,11,120,80,7,9,coarse,24.400000000000002,97.6,779.9647390842438,5ae78173e6bc3c0e4848771de2016d43b7c0a68fc9593a46cb858c6a1833cddc,0.0014815278118476272,0.011146659031510353,0.0014785983366891742,0.011149987578392029,0.03589679300785065,0.7403396964073181,0.10249432176351547,0.12145642936229706,0.00010115892655448988,0.00011830888252006844,320.9553527832031,140.95533752441406,0.010505099780857563,0.014751674607396126,0.7688226103782654,0.7834036350250244,0.22067230939865112,0.2018446922302246,-0.09016270190477371,0.0487419068813324,-5.2774114010389894e-05,8.63019231474027e-05,8.200907177524641e-05,8.527311001671478e-05,-0.1193646490573883,-0.022444240748882294,-0.6888177394866943,0.5425428152084351,-0.40113264322280884,0.7889842987060547,0.13542217748520574,0.3567326557605768,0.46512982010556453,0.042715346648653015,0.9735721009688304,0.0001298235559582269,1.6282748765281495e-05,0.9998547398789136,0.04372725687507447,0.6528782840647379,0.23432493812436936,0.06906952093581835,0.0004707370344622706,0.7796944473675027,0.9999399831660122,5.581400345696341e-06,1,1,143.35,3.05,95.50445670229217,2.0955432977078203,0.38625,0.7761131227016449,0.21125850081443787,-0.6270739255954201,False
A_P244_H260_s11_g80_o7,A,244.0,260.0,11,120,80,7,9,coarse,24.400000000000002,97.6,799.7993566989899,14f3d5d1050414230b22dd5b6a0802219116cf509387e15731e2d7d90b621dcc,0.03262091800570488,0.08872359246015549,0.032613594084978104,0.0887165442109108,0.053641900420188904,0.47582513093948364,0.12468153983354568,0.47658073902130127,5.727684037992731e-05,1.3845643479726277e-05,-340.76251220703125,160.7625274658203,0.015545486472547054,0.22712920606136322,0.7733405828475952,0.2856464087963104,0.21111392974853516,0.48722437024116516,-0.12443377077579498,-0.007856354117393494,-4.735152833745815e-05,3.2225289032794535e-05,-7.172288405854488e-06,1.18431471491931e-05,-0.45896920561790466,0.12836071848869324,-0.7767282128334045,0.41235169768333435,-0.5341638922691345,0.017757458612322807,0.18320810382130134,0.35332574744692546,0.4183649994456875,0.04510114928608568,0.9532524716614273,6.976072525629951e-05,1.6828719569192665e-05,0.998370107632868,0.03835931308001592,0.48082603189747025,0.4613752538808347,0.019439401141679198,0.000233138292530884,0.9449792053053008,0.9998041554683957,1.5814217438704833e-05,1,5,131.15,3.05,97.52848942744886,0.07151057255113358,0.403125,0.5294934958219528,0.34916914999485016,-0.5444251719117165,False
A_P262_H110_s11_g80_o7,A,262.0,110.0,11,120,80,7,9,coarse,26.200000000000003,104.8,734.409469127655,7282eecbd7c0add034ffe8ec1dd0cec2d96141d0a4c172f16df288c4980ce4d4,0.031180743128061295,0.6314445734024048,0.03118053264915943,0.6314418315887451,0.0414901003241539,0.02565886080265045,0.8819048404693604,0.7399266362190247,4.4679196435026824e-05,3.1073661375558004e-05,-336.9084167480469,156.908447265625,0.7777561545372009,0.5474914312362671,0.002350464230403304,0.13197369873523712,0.21989338099956512,0.320534884929657,-0.8735281825065613,-0.12126290798187256,-3.636947803897783e-05,-2.5951718271244317e-05,8.844619515002705e-06,-2.9788337997160852e-05,-0.7140810489654541,0.19385480880737305,-0.011135974898934364,-0.04718531668186188,0.22990964353084564,0.28127434849739075,0.6799265713756598,0.30721800928057164,0.0115689163412036,0.0012865030025650105,0.9994284777244862,2.0213374748272037e-06,1.4855817126700585e-08,0.9979272190577019,0.24907332667219534,0.6973925538747494,0.013823235400962395,0.03971088405209282,1.9183789859147566e-05,0.9922280517741786,0.9970024130441797,7.524489031953895e-08,1,1,173.575,3.275,104.72321405734263,0.07678594265736649,0.465625,0.06716208148282021,0.27021413296461105,-0.5796366630905929,False
A_P262_H140_s11_g80_o7,A,262.0,140.0,11,120,80,7,9,coarse,26.200000000000003,104.8,736.2822551727295,e7d69cc9b320e0f630fb928f1325e429e2c9c07e52b0a05abb64762eb9d8d86d,0.28854864835739136,0.13958102464675903,0.2885405123233795,0.13955745100975037,0.18584492802619934,0.2567237317562103,0.2301514893770218,0.896246612071991,4.381725375424139e-05,5.099312147649471e-06,223.76144409179688,43.76143264770508,0.052969709038734436,0.8032580018043518,0.8771448135375977,0.007969147525727749,0.0698854923248291,0.18877285718917847,0.14282163977622986,0.18047627806663513,3.667987766675651e-05,2.3969529138412327e-05,1.4068982636672445e-06,-4.90138972963905e-06,-0.8877796530723572,-0.1229037195444107,-0.4413329064846039,0.826056957244873,-0.07744316011667252,0.04440386965870857,0.5751133530339064,0.413933548607063,0.010529672896292511,0.00042342546273809806,0.9771184087451208,9.903661136712075e-06,1.4460729050390947e-07,0.9999981674926652,0.5649534632846165,0.42598045420245945,0.008859419698057163,0.00020666281486697908,8.187998484032392e-06,0.9990422386604739,0.9997397402216657,1.306747988575367e-07,1,1,75.325,62.225,104.72321405734263,0.07678594265736649,0.22625,0.4425569805316627,0.12932917475700378,-0.07545607531132797,True
A_P262_H170_s11_g80_o7,A,262.0,170.0,11,120,80,7,9,coarse,26.200000000000003,104.8,747.2557928562164,1009a192408746baac0527aac99f54aca770b6748fdcba3c6a216585d62d28ed,0.260629266500473,0.15073546767234802,0.26066461205482483,0.15074819326400757,0.22947397828102112,0.23435933887958527,0.1981058567762375,0.8851732611656189,1.8517663193051703e-05,4.786837234860286e-05,231.1894989013672,51.18949508666992,0.039245933294296265,0.7835317254066467,0.9223803877830505,0.0052327425219118595,0.03837364912033081,0.21123553812503815,0.053300101310014725,0.19080102443695068,1.2445184438547585e-06,-1.8475795513950288e-05,4.7222114517353475e-05,7.839184036129154e-06,-0.8135765790939331,-0.34874749183654785,-0.6396101117134094,0.7164351344108582,-0.05722138285636902,-0.04425443336367607,0.6089339310906825,0.3576655336964424,0.03116223683810945,0.0022382983747656193,0.9803763075974777,7.44337491892684e-05,3.1499999571458896e-06,0.9999954316759303,0.5084544434343322,0.4688435061728253,0.022076557159773854,0.0006254932330687578,6.039619845707822e-06,0.9994069162532657,0.9997369524515292,3.3012666095400135e-08,1,1,75.325,3.275,104.72321405734263,0.07678594265736649,0.19875,0.4638065651524812,0.12480459362268448,-0.13195757505639144,False
A_P262_H200_s11_g80_o7,A,262.0,200.0,11,120,80,7,9,coarse,26.200000000000003,104.8,762.6246995925903,258bd4b44fd082b1ab3aab62259b534d3e876170dd68083d1983280b5b533aef,0.4859980046749115,0.09741531312465668,0.48637720942497253,0.0972818061709404,0.0413910374045372,0.028003785759210587,0.7616279125213623,0.7661561965942383,8.390163202420808e-06,0.00034734295331873,-228.21315002441406,48.21314239501953,0.5800771713256836,0.5869953036308289,0.003262999700382352,0.13553428649902344,0.4166598320007324,0.2774704098701477,0.3531630337238312,-0.6747984290122986,4.40314306615619e-06,-7.141929927456658e-06,6.3477345975115895e-06,-0.0003472849493846297,-0.7428741455078125,0.18743878602981567,-0.0151533093303442,0.055074580013751984,-0.20971930027008057,-0.3025757968425751,0.4316908752572953,0.30579999331356084,0.2420637022063144,0.02044542922282945,0.9999278207985417,1.137403494169954e-06,9.406335625486272e-07,0.9995506903181751,0.3051938159672463,0.6857678449450163,0.0012008676930159196,0.007837471394721431,5.019590754632115e-05,0.9522077277155485,0.9999324193102016,2.3585883565920628e-07,1,1,108.075,3.275,104.72321405734263,0.07678594265736649,0.26875,0.0693986430997029,0.34706512093544006,0.32223578923769913,False
A_P262_H230_s11_g80_o7,A,262.0,230.0,11,120,80,7,9,coarse,26.200000000000003,104.8,779.8215367794037,53b078f8677b8233212451ae2c2e1bcaebd5968cb8286c82d63e723a48b44be4,0.1559780389070511,0.04836392030119896,0.15589876472949982,0.04837634041905403,0.22210776805877686,0.16249142587184906,0.6092898845672607,0.19334670901298523,6.982919876463711e-05,5.052369670011103e-05,204.0611572265625,24.06114387512207,0.37123414874076843,0.037382952868938446,0.2671225965023041,0.5020444989204407,0.3616432249546051,0.4605725407600403,-0.06552115082740784,0.6057566404342651,-6.411709182430059e-05,2.7660717023536563e-05,-3.675920015666634e-05,3.4661294193938375e-05,-0.05938723683357239,-0.18400028347969055,-0.5068227052688599,0.10125857591629028,0.25020819902420044,0.6629029512405396,0.018767530438974212,0.19954522491635165,0.7315686929297972,0.050118551714876995,0.9961866250094887,0.0002573757396351958,2.9562517874722942e-06,0.9999812292214526,0.12436759028129764,0.7322451236143781,0.047846472997441936,0.09554081310688245,9.12101408265505e-06,0.8544691189731687,0.9983069288693863,2.5019085232321927e-06,1,1,121.175,3.275,104.72321405734263,0.07678594265736649,0.3225,0.3845835477113724,0.4111078828573227,-0.10059760155777137,False
A_P262_H260_s11_g80_o7,A,262.0,260.0,11,120,80,7,9,coarse,26.200000000000003,104.8,783.7694385051727,9c4432702606644dab45cdc2b0c9f21d320374087e7aeb33ffc1692ff90b9580,0.00118120270781219,0.08292482048273087,0.0011789194541051984,0.0829247534275055,0.002652547787874937,0.5806165337562561,0.29618892073631287,0.28369319438934326,4.6343993744812906e-05,1.2584599062392954e-05,-13.383783340454102,166.6162109375,0.0877278745174408,0.08048182725906372,0.6060841679573059,0.5605370998382568,0.3061879277229309,0.35898107290267944,-0.2852661907672882,0.07969364523887634,-4.3094129068776965e-05,1.704880196484737e-05,9.18160549190361e-06,8.606408300693147e-06,-0.28347936272621155,0.01101286057382822,-0.7784646153450012,0.00877527054399252,-0.741305410861969,0.10489687323570251,0.39425943334798397,0.10509313383225737,0.4553503423371819,0.04529709048257693,0.9943216940150489,0.0001900018031589211,5.911207137789348e-05,0.9996193087279671,0.17121176907006788,0.5035397336943173,0.3107044090613583,0.014544088174256524,0.0009576387414849606,0.9964736418809089,0.9809224321095171,8.356676939417952e-06,1,5,88.425,3.275,104.72321405734263,0.07678594265736649,0.465625,0.5833106338977814,0.3325845003128052,-0.6096302093782773,False
