tag,order,R_cross,R_co,R_cross_21,R_co_22,T_cross,T_co,abs_rx,abs_ry,abs_rxy,abs_ryx,dphi_r_deg,pb_phase_err_deg,R_total_x,R_total_y,T_total_x,T_total_y,A_x,A_y,rxx_re,rxx_im,rxy_re,rxy_im,ryx_re,ryx_im,ryy_re,ryy_im,txx_re,txx_im,tyy_re,tyy_im
A_P271_H200_s11_g96_o9,9,0.5261953473091125,0.06445839256048203,0.5261686444282532,0.06438831984996796,0.021051812916994095,0.0332789309322834,0.75282222032547,0.7838810086250305,2.415342805761611e-06,0.00014173318049870431,-218.51193237304688,38.511924743652344,0.5667412877082825,0.6144694089889526,0.006761253345757723,0.10186566412448883,0.4264974594116211,0.2836649417877197,0.4711061120033264,-0.5871970057487488,-9.803825378185138e-07,-2.207426405220758e-06,0.00013032460992690176,-5.5711665481794626e-05,-0.764557957649231,0.17297551035881042,-0.08107472211122513,0.01371032651513815,-0.19226491451263428,-0.25475451350212097
A_P271_H200_s11_g96_o9,11,0.5242487192153931,0.07189498096704483,0.5246106386184692,0.07175175845623016,0.023335859179496765,0.029351146891713142,0.7590122222900391,0.785115659236908,4.8298141336999834e-05,0.00031918458989821374,-220.57826232910156,40.5782470703125,0.576099693775177,0.6164066195487976,0.005486386362463236,0.09981199353933334,0.418413907289505,0.28378137946128845,0.4484649896621704,-0.6123550534248352,-4.4061336666345596e-05,1.978153522941284e-05,4.138412623433396e-05,-0.00031649036100134254,-0.7643589973449707,0.17933732271194458,-0.06785468757152557,0.029693705961108208,-0.1950119584798813,-0.24856051802635193
A_P271_H200_s11_g96_o9,13,0.523239254951477,0.0762571170926094,0.5235499143600464,0.07604337483644485,0.02439618483185768,0.027375968173146248,0.7621786594390869,0.7862399816513062,7.863645441830158e-05,0.00037665036506950855,-221.72622680664062,41.72621154785156,0.5809164047241211,0.6181733012199402,0.005061550065875053,0.09838427603244781,0.4140220582485199,0.2834424376487732,0.43398669362068176,-0.6265555620193481,-5.6081757065840065e-05,5.512285133590922e-05,0.00011932132474612445,-0.00035725050838664174,-0.7643067836761475,0.18441370129585266,-0.060588665306568146,0.03728613629937172,-0.19723868370056152,-0.24388763308525085
A_P271_H200_s11_g96_o9,15,0.5214329361915588,0.08007567375898361,0.521670937538147,0.08070266246795654,0.025815049186348915,0.024768900126218796,0.7653144001960754,0.7862409353256226,4.959437865181826e-05,0.0010836313012987375,-222.84738159179688,42.8474006652832,0.5857073068618774,0.6181747913360596,0.004822347778826952,0.09633386880159378,0.4094703495502472,0.28549134731292725,0.41932862997055054,-0.6402106285095215,7.47136800782755e-06,-4.902837099507451e-05,-0.000954869610723108,0.0005123288137838244,-0.7631233334541321,0.18925538659095764,-0.05261572450399399,0.04527422413229942,-0.19748033583164215,-0.23944802582263947
A_P271_H185_s11_g96_o9,9,0.5261270999908447,0.08063100278377533,0.5261451005935669,0.08053070306777954,0.03883446753025055,0.041573137044906616,0.8012561798095703,0.7559249401092529,1.6037998648243956e-05,0.00016535751638002694,-222.64065551757812,42.640663146972656,0.6420114636421204,0.5714225172996521,0.003879089141264558,0.156943216919899,0.35410943627357483,0.2716342806816101,0.15574276447296143,-0.7859743237495422,-3.1377649065689184e-06,1.5728059224784374e-05,7.14661437086761e-05,-0.00014911640028003603,-0.6103811860084534,0.4459341764450073,-0.03125699982047081,0.05387081578373909,-0.36220768094062805,-0.16046439111232758
A_P271_H185_s11_g96_o9,11,0.5262799263000488,0.08437410742044449,0.5267620086669922,0.0845627710223198,0.04077192395925522,0.039816249161958694,0.8046082258224487,0.7580133080482483,7.27692895452492e-05,0.00038238734123297036,-223.54856872558594,43.548561096191406,0.6473945379257202,0.5745841860771179,0.003959933761507273,0.15715616941452026,0.34864553809165955,0.2682596445083618,0.13500893115997314,-0.7932004928588867,5.047700142313261e-06,-7.259401172632352e-05,-0.00037894092383794487,5.122360016684979e-05,-0.607029914855957,0.4539811313152313,-0.022220641374588013,0.058872003108263016,-0.3662557601928711,-0.1517000049352646
A_P271_H185_s11_g96_o9,13,0.5254817605018616,0.08629541099071503,0.5257773995399475,0.08588720858097076,0.04125670716166496,0.03842760622501373,0.8061310648918152,0.7573598623275757,6.384056905517355e-05,0.0008125512395054102,-223.9514923095703,43.95148468017578,0.6498479247093201,0.5735939741134644,0.0040366980247199535,0.15537117421627045,0.346115380525589,0.271034836769104,0.12339577078819275,-0.7966309189796448,4.809912934433669e-05,-4.197728048893623e-05,0.00019685809093061835,-0.000788344070315361,-0.6029117703437805,0.45835721492767334,-0.01630137860774994,0.061404574662446976,-0.36563435196876526,-0.1472504436969757
A_P271_H185_s11_g96_o9,15,0.5231611132621765,0.0864773765206337,0.5252654552459717,0.08604469895362854,0.040589459240436554,0.03633724898099899,0.8077699542045593,0.7539587616920471,0.00013012916315346956,0.0016253612702712417,-224.0194549560547,44.01945877075195,0.6524949073791504,0.5684537887573242,0.004214783199131489,0.14934934675693512,0.3432902991771698,0.28219687938690186,0.11187702417373657,-0.799984872341156,-7.403826020890847e-05,0.00010701370774768293,-0.0008911131881177425,-0.0013593073235824704,-0.5939702391624451,0.4643847346305847,-0.011578774079680443,0.0638337954878807,-0.3595212697982788,-0.14175252616405487
A_P262_H185_s11_g96_o9,9,0.4908086657524109,0.11336036026477814,0.4918711483478546,0.1135861799120903,0.05920811742544174,0.03274386748671532,0.806697428226471,0.7475728392601013,2.8150203434051946e-05,0.0008129065972752869,-231.2019805908203,51.20197677612305,0.6507614254951477,0.5588651299476624,0.005746158771216869,0.17802730202674866,0.34349241852760315,0.263107568025589,0.030117422342300415,-0.8061349987983704,-1.1501385415613186e-05,2.5693425413919613e-05,-0.0008088144240900874,-8.146393520291895e-05,-0.5997096300125122,0.4463334083557129,0.03793376684188843,0.06562438607215881,-0.38145941495895386,-0.18032194674015045
A_P262_H185_s11_g96_o9,11,0.48992663621902466,0.11583347618579865,0.4910289943218231,0.11567439138889313,0.059683337807655334,0.031425561755895615,0.8088918924331665,0.7470989227294922,1.161063937615836e-05,0.0008356034522876143,-231.6785430908203,51.67856216430664,0.6543068289756775,0.5581567883491516,0.006478738971054554,0.17569789290428162,0.3392144441604614,0.2661453187465668,0.01314285397529602,-0.8087851405143738,-1.091446029022336e-05,-3.959989044233225e-06,-0.0005641134921461344,-0.0006164487567730248,-0.5935816764831543,0.45367127656936646,0.043846495449543,0.06749530881643295,-0.3821040093898773,-0.17232069373130798
A_P262_H185_s11_g96_o9,13,0.49167400598526,0.1167467013001442,0.49169373512268066,0.11673647910356522,0.06046626344323158,0.03068644180893898,0.8097802400588989,0.7490707039833069,4.210618862998672e-05,3.8512942410307005e-05,-231.82086181640625,51.82084274291992,0.6557440161705017,0.5611069202423096,0.007000301964581013,0.17527146637439728,0.33725568652153015,0.26362162828445435,0.003956317901611328,-0.8097705841064453,-2.256837069580797e-05,-3.554714930942282e-05,3.2953714253380895e-05,-1.9932373106712475e-05,-0.5910860300064087,0.46013498306274414,0.04804110527038574,0.06850071996450424,-0.38460469245910645,-0.16538047790527344
A_P262_H185_s11_g96_o9,15,0.4900173544883728,0.11906538903713226,0.4897865653038025,0.11894284188747406,0.061199385672807693,0.030106589198112488,0.8111648559570312,0.7482136487960815,4.462086872081272e-05,0.0002620027808006853,-232.33016967773438,52.33016586303711,0.6579884886741638,0.5598236918449402,0.007469921372830868,0.17508280277252197,0.33454158902168274,0.26509350538253784,-0.006884366273880005,-0.8111356496810913,-3.816650132648647e-05,-2.31157973757945e-05,0.00025580619694665074,-5.664491618517786e-05,-0.5883432030677795,0.4622509777545929,0.05127248913049698,0.06957666575908661,-0.3853438198566437,-0.1630733758211136
B_P271_H215_s11_g96_o9,9,0.5048607587814331,0.004552029073238373,0.5048467516899109,0.004551135003566742,0.03533848002552986,0.021334534510970116,0.6885203123092651,0.7380720973014832,2.3777813112246804e-05,1.3546675290854182e-05,169.8997802734375,10.100224494934082,0.47406020760536194,0.5447503924369812,0.006483879406005144,0.10690925270318985,0.5194559693336487,0.34834036231040955,0.6883912682533264,-0.013329386711120605,1.2619248082046397e-05,2.0152891011093743e-05,1.0521729564061388e-05,-8.53262099553831e-06,-0.7290034890174866,-0.11534452438354492,-0.06779168546199799,0.04345238208770752,-0.001819753204472363,-0.32696473598480225
B_P271_H215_s11_g96_o9,11,0.5054939985275269,0.00854939129203558,0.5055139064788818,0.008551646023988724,0.039853811264038086,0.01651737466454506,0.6924184560775757,0.740719735622406,1.6343428796972148e-05,1.0509079402254429e-06,165.6805419921875,14.319464683532715,0.4794433116912842,0.5486657023429871,0.009404538199305534,0.10331772267818451,0.5111521482467651,0.34801656007766724,0.6888749003410339,-0.0699620246887207,8.033218364289496e-06,-1.4232886314857751e-05,-9.499035513726994e-07,4.4954504119232297e-07,-0.7325445413589478,-0.10974618792533875,-0.062315698713064194,0.07430512458086014,-0.007969245314598083,-0.3213319480419159
B_P271_H215_s11_g96_o9,13,0.5057330131530762,0.01085138600319624,0.5049834847450256,0.010868257842957973,0.041050445288419724,0.013827251270413399,0.6937501430511475,0.7423925399780273,3.421465589781292e-05,0.0005115317180752754,163.76560974121094,16.234403610229492,0.4812895357608795,0.5511466860771179,0.011309092864394188,0.09868256747722626,0.5074014067649841,0.35017073154449463,0.6864254474639893,-0.10054537653923035,2.8042926714988425e-05,1.9601960957515985e-05,6.260438385652378e-05,0.0005076862871646881,-0.7353447675704956,-0.10205262899398804,-0.05766246095299721,0.08934538066387177,-0.012463128194212914,-0.3138904869556427
B_P271_H215_s11_g96_o9,15,0.503777027130127,0.014301493763923645,0.5036943554878235,0.014762652106583118,0.044998109340667725,0.011198173277080059,0.6954299211502075,0.7435786724090576,0.00010733634553616866,0.0018954526167362928,161.0919952392578,18.908010482788086,0.4836263954639435,0.552909255027771,0.013910958543419838,0.09764688462018967,0.5024626851081848,0.34944385290145874,0.6821867823600769,-0.13507014513015747,7.86736054578796e-05,7.301749428734183e-05,-0.001895208260975778,3.04322165902704e-05,-0.736859142780304,-0.09973898530006409,-0.051524776965379715,0.10597492754459381,-0.015481080859899521,-0.3121013045310974
B_P271_H230_s11_g96_o9,9,0.42501479387283325,0.005276010371744633,0.4253125786781311,0.005283815786242485,0.03472325950860977,0.0902743712067604,0.6817435026168823,0.6293750405311584,2.0659794245148078e-05,0.0002302904613316059,191.8788604736328,11.878846168518066,0.4647742509841919,0.39611294865608215,0.016172030940651894,0.23384027183055878,0.5190536975860596,0.37004679441452026,0.6306276917457581,0.25900372862815857,1.9245022485847585e-05,7.513734090025537e-06,5.4468408052343875e-05,-0.00022375631670001894,-0.6189369559288025,-0.11414888501167297,-0.03996991738677025,-0.12072417885065079,0.05752716213464737,-0.48013633489608765
B_P271_H230_s11_g96_o9,11,0.43514594435691833,0.0024673279840499163,0.43426305055618286,0.002405161038041115,0.040909457951784134,0.07813649624586105,0.6886984705924988,0.6324360966682434,5.397498534875922e-05,0.0007582500111311674,187.04615783691406,7.046146392822266,0.4743061363697052,0.39997541904449463,0.010460596531629562,0.22814446687698364,0.5152332782745361,0.37188011407852173,0.6590359807014465,0.19994297623634338,-5.2218161727068946e-05,-1.365879870718345e-05,-0.0005007065483368933,0.0005694172577932477,-0.6231492757797241,-0.1079833135008812,-0.054882925003767014,-0.08626370131969452,0.04855817183852196,-0.4751700460910797
B_P271_H230_s11_g96_o9,13,0.43663841485977173,0.0013652377529069781,0.44044870138168335,0.001646130927838385,0.042788200080394745,0.07353471219539642,0.6912764310836792,0.6342102885246277,0.0003366309392731637,0.0035408195108175278,184.54150390625,4.541501998901367,0.47787564992904663,0.40222281217575073,0.008211423642933369,0.2234712392091751,0.5139129161834717,0.37430596351623535,0.6711857318878174,0.1654474139213562,-0.0002605175832286477,-0.00021319235383998603,0.002769563812762499,-0.0022061094641685486,-0.6258635520935059,-0.1025547906756401,-0.06041513383388519,-0.06740359216928482,0.04248343035578728,-0.4708145558834076
B_P271_H230_s11_g96_o9,15,0.44313889741897583,0.0009654457098804414,0.4425855576992035,0.0009320431272499263,0.047687970101833344,0.066635362803936,0.6947379112243652,0.6363652348518372,0.0001415412116330117,0.0006133761489763856,181.69532775878906,1.6953213214874268,0.4826611578464508,0.4049607515335083,0.006432809866964817,0.22239546477794647,0.5109060406684875,0.37264376878738403,0.6824781894683838,0.12993967533111572,-2.5521676434436813e-05,-0.00013922125799581409,0.00017549493350088596,0.0005877345101907849,-0.6283831596374512,-0.10047546029090881,-0.0657120794057846,-0.0459560863673687,0.03690952807664871,-0.47014161944389343
B_P262_H215_s11_g96_o9,9,0.4564717411994934,0.03709571063518524,0.4563998281955719,0.03700803220272064,0.07699952274560928,0.0475824810564518,0.727210283279419,0.6768608093261719,0.00017191225197166204,7.726341573288664e-05,-211.5673828125,31.56736946105957,0.5288348197937012,0.4581405818462372,0.005859375,0.2433687448501587,0.46530580520629883,0.29849064350128174,0.5366218090057373,-0.49078696966171265,-0.00015570130199193954,7.287610787898302e-05,7.09014420863241e-05,3.070214006584138e-05,-0.6646979451179504,0.1277388036251068,-0.01900949515402317,0.07414603233337402,-0.20844730734825134,-0.44712239503860474
B_P262_H215_s11_g96_o9,11,0.4580589830875397,0.045566920191049576,0.4567388594150543,0.045372895896434784,0.07819244265556335,0.04594527557492256,0.734614372253418,0.6826993823051453,5.8426932810107246e-05,0.0010413775453343987,-214.7788543701172,34.77886962890625,0.539659321308136,0.4660784602165222,0.006492530927062035,0.24195341765880585,0.4538481533527374,0.29196810722351074,0.5085799694061279,-0.5300987362861633,5.561248690355569e-05,-1.7915295757120475e-05,0.0008167293854057789,0.0006460806471295655,-0.6692116260528564,0.13503409922122955,-0.012916809879243374,0.07952424138784409,-0.2194923311471939,-0.4402005672454834
B_P262_H215_s11_g96_o9,13,0.45626020431518555,0.05054553598165512,0.45546579360961914,0.05060163885354996,0.076549232006073,0.0458606481552124,0.7395244240760803,0.6826247572898865,0.00012761949619743973,0.0005771879223175347,-216.5975341796875,36.5975341796875,0.546896755695343,0.4659765958786011,0.0060815042816102505,0.23874063789844513,0.4470217525959015,0.295282781124115,0.4898654520511627,-0.5540109872817993,0.00011676184658426791,-5.1511215133359656e-05,0.00023109171888791025,0.0005289068794809282,-0.6679081320762634,0.14097970724105835,-0.012613905593752861,0.07695675641298294,-0.22256606817245483,-0.4349769949913025
B_P262_H215_s11_g96_o9,15,0.45536553859710693,0.05617862194776535,0.4549403488636017,0.05695343390107155,0.07934205234050751,0.04356341436505318,0.7429213523864746,0.68666011095047,0.00021468219347298145,0.0019334563985466957,-218.61691284179688,38.61691665649414,0.5519359111785889,0.4715021550655365,0.006816794630140066,0.23839610815048218,0.44124728441238403,0.29010170698165894,0.46871501207351685,-0.5764012336730957,-0.00019650721515063196,8.644859190098941e-05,-0.0014206359628587961,0.0013115056790411472,-0.6709850430488586,0.14588065445423126,-0.0037497563753277063,0.0824461579322815,-0.2301812767982483,-0.43059563636779785
