it,L,R_cross,R_co,T_tot,pb_err_deg
0,0.44426128184741626,0.004000828135758638,0.7434680461883545,0.06076986715197563,171.7308807373047
1,0.44305834951312156,0.004317883402109146,0.7415172457695007,0.0627878624945879,171.39266967773438
2,0.4418321429169558,0.004662820138037205,0.7393994927406311,0.06493100896477699,171.0414276123047
3,0.4405769074075214,0.00501674460247159,0.7372175455093384,0.06719415634870529,170.69140625
4,0.43932423564330103,0.0054049016907811165,0.7348228693008423,0.0695800930261612,170.31756591796875
5,0.4380014982611079,0.005805341061204672,0.7323664426803589,0.0720810666680336,169.9482879638672
6,0.43668394283346057,0.006239538546651602,0.7298341393470764,0.0747525654733181,169.56065368652344
7,0.4353637588090592,0.006699729710817337,0.727074921131134,0.07758332043886185,169.160888671875
8,0.43399151762419963,0.007176822051405907,0.7242581248283386,0.08057069778442383,168.76071166992188
9,0.4325771440867763,0.007689509075134993,0.721278965473175,0.0837143287062645,168.3441925048828
10,0.4311749013725149,0.008233013562858105,0.7181112170219421,0.08707169443368912,167.91317749023438
11,0.42973956107512046,0.008808894082903862,0.7147508263587952,0.09063934162259102,167.47109985351562
12,0.4283021347599773,0.009413531050086021,0.7111953496932983,0.09446300938725471,167.02047729492188
13,0.42679525603521073,0.010056685656309128,0.7075334191322327,0.09844795614480972,166.55555725097656
14,0.42527004639299104,0.010737348347902298,0.7036475539207458,0.10271839797496796,166.07415771484375
15,0.42375301885204075,0.011464244686067104,0.6995813846588135,0.10725713893771172,165.57603454589844
16,0.42218171300339874,0.012227410450577736,0.6952751278877258,0.11207568645477295,165.06724548339844
17,0.42059243231298105,0.013040975667536259,0.6907423734664917,0.1172349601984024,164.53817749023438
18,0.41894001470907,0.013863188214600086,0.6859725713729858,0.12266235053539276,164.01327514648438
19,0.4173103879158579,0.014778228476643562,0.6809312701225281,0.12853877618908882,163.4443817138672
20,0.41557427268535957,0.015727251768112183,0.6757282614707947,0.1346798986196518,162.87338256835938
21,0.413849370737579,0.016729893162846565,0.6701518297195435,0.14131079986691475,162.27894592285156
22,0.41208277250302294,0.0177769772708416,0.6643051505088806,0.1483483463525772,161.67050170898438
23,0.4102477042569613,0.018895529210567474,0.6582736372947693,0.15580737590789795,161.039794921875
24,0.40837274478163843,0.020050032064318657,0.6518210172653198,0.16380997002124786,160.3969268798828
25,0.40651531666089324,0.021285399794578552,0.6450494527816772,0.17236332595348358,159.72486877441406
26,0.40456016757071844,0.022581400349736214,0.6378962397575378,0.18148472160100937,159.03347778320312
27,0.40253965611167514,0.02395213395357132,0.6305011510848999,0.1911180093884468,158.31195068359375
28,0.4004977295357545,0.025385454297065735,0.622612476348877,0.20145933330059052,157.57373046875
29,0.39839753345247875,0.02689053677022457,0.614380955696106,0.21249332278966904,156.80758666992188
30,0.3962318470838406,0.028499184176325798,0.6058728098869324,0.22414973378181458,156.0102996826172
31,0.3940145671941462,0.03009418398141861,0.5968376398086548,0.23655345290899277,155.215087890625
32,0.3917694441505394,0.03181081265211105,0.5873863697052002,0.24984514713287354,154.3793487548828
33,0.3894570103379712,0.03358016908168793,0.5774743556976318,0.26389630883932114,153.51734924316406
34,0.3871019064853723,0.03543197363615036,0.5672484636306763,0.27875520288944244,152.63766479492188
35,0.38468237784710513,0.03733326122164726,0.55658358335495,0.2944456711411476,151.73069763183594
36,0.382268328800452,0.03929166495800018,0.5455726981163025,0.3110792115330696,150.8040313720703
37,0.37979288556425356,0.04130525141954422,0.5340871810913086,0.3285268545150757,149.8529510498047
38,0.3772660859507512,0.043351128697395325,0.5223320722579956,0.34670694917440414,148.8856964111328
39,0.3747641075350649,0.04544293135404587,0.5102835297584534,0.3657308965921402,147.90155029296875
40,0.37222397999025736,0.04754414036870003,0.4980028569698334,0.38538708537817,146.90606689453125
41,0.36969709570577114,0.04967518523335457,0.48559027910232544,0.4056529253721237,145.89344787597656
42,0.36719653284858494,0.05183639004826546,0.47305193543434143,0.426341250538826,144.8662109375
43,0.36470763302626413,0.053902335464954376,0.4606264531612396,0.44713902473449707,143.86026000976562
44,0.36226314721600467,0.05599918216466904,0.4483937919139862,0.4678943157196045,142.8466033935547
45,0.35994406671484624,0.057999953627586365,0.43639031052589417,0.48852571845054626,141.8563995361328
46,0.35758707978473725,0.05995927006006241,0.42498472332954407,0.5083382278680801,140.88563537597656
47,0.3553296533553722,0.06184540316462517,0.41416049003601074,0.5273188799619675,139.95077514648438
48,0.32042328281430005,0.08003406226634979,0.4214593470096588,0.47286243736743927,134.54188537597656
49,0.31739970516886884,0.0824359878897667,0.40850910544395447,0.49536874890327454,133.38739013671875
50,0.31445673663487195,0.08475439250469208,0.3952927887439728,0.519047200679779,132.21197509765625
51,0.3117082924788278,0.08697539567947388,0.3820403814315796,0.5433218032121658,131.04116821289062
52,0.30902987015175387,0.08912082761526108,0.3690142035484314,0.5675105452537537,129.8623809814453
53,0.30657740842974135,0.09110656380653381,0.35635805130004883,0.5914909839630127,128.7071990966797
54,0.3044478403763017,0.09286236763000488,0.34460246562957764,0.6143119633197784,127.6353759765625
55,0.3023752380085267,0.09456576406955719,0.333722859621048,0.6354635208845139,126.5817642211914
56,0.30045072430162134,0.09607206284999847,0.32405519485473633,0.6544325947761536,125.61067962646484
57,0.2988305775315672,0.09739025682210922,0.31567323207855225,0.6710725426673889,124.75080108642578
58,0.2973124266827972,0.0985715463757515,0.30854299664497375,0.6851688623428345,123.98219299316406
59,0.29578417895920167,0.09962206333875656,0.302608460187912,0.6966730058193207,123.29704284667969
60,0.29428143955235486,0.10063985735177994,0.29775193333625793,0.7059412151575089,122.67964935302734
61,0.2929788691780428,0.10153015702962875,0.2938949763774872,0.7132660001516342,122.165283203125
62,0.2917380273999841,0.10232239961624146,0.2907405197620392,0.7189814448356628,121.71295928955078
63,0.29049735992542647,0.10304027795791626,0.28836381435394287,0.7230137139558792,121.33486938476562
64,0.2893861420417074,0.10375320166349411,0.2864682078361511,0.7260417193174362,120.9946060180664
65,0.2882873227193999,0.10435567796230316,0.28516483306884766,0.7278701663017273,120.7222671508789
66,0.2871471315744746,0.10495620965957642,0.28420019149780273,0.7289314568042755,120.46888732910156
67,0.28629016860869194,0.1054174154996872,0.28355202078819275,0.7294984459877014,120.29046630859375
68,0.28523854670856413,0.10595832765102386,0.283077597618103,0.7292927354574203,120.0901870727539
69,0.28446467988913027,0.10637792199850082,0.2828999161720276,0.7290195375680923,119.96033477783203
70,0.2836075509586134,0.10676886141300201,0.28275594115257263,0.728368952870369,119.82611083984375
71,0.28291438807570285,0.10718105733394623,0.28273525834083557,0.7276644706726074,119.71373748779297
72,0.2821730513165089,0.10754664987325668,0.2828444838523865,0.7266314774751663,119.61734771728516
73,0.2814934401931718,0.10787668079137802,0.28288838267326355,0.7257216721773148,119.52091979980469
74,0.28091409163596226,0.10817082226276398,0.28307315707206726,0.7248158901929855,119.45416259765625
75,0.28029735536137546,0.10847801715135574,0.28314584493637085,0.7238824367523193,119.36810302734375
76,0.27971552699630964,0.10875880718231201,0.2832188010215759,0.7229430824518204,119.28813171386719
77,0.27921871095455686,0.10899202525615692,0.2833605408668518,0.7222313433885574,119.23152923583984
78,0.2534715640816716,0.12378884106874466,0.2831434905529022,0.692300871014595,115.26873016357422
79,0.2532381245530981,0.12387672811746597,0.28322863578796387,0.6918023079633713,115.24690246582031
80,0.2530473313999224,0.12398330122232437,0.2831752300262451,0.6916241347789764,115.21552276611328
81,0.25306940857572596,0.12398392707109451,0.2830750048160553,0.6919619888067245,115.20746612548828
82,0.25289816578222124,0.12408094853162766,0.28294169902801514,0.6919693201780319,115.171142578125
83,0.25277751783898667,0.12417799234390259,0.28265491127967834,0.692420482635498,115.12439727783203
84,0.2528222504689748,0.12418391555547714,0.28235507011413574,0.6931324601173401,115.10035705566406
85,0.25282011792469467,0.12424451857805252,0.282026469707489,0.6939381510019302,115.06273651123047
86,0.2526175774349323,0.12432800233364105,0.2817069888114929,0.6943409293889999,115.00918579101562
87,0.2526736827145422,0.12434498965740204,0.2813926935195923,0.6951968520879745,114.98272705078125
88,0.2526006912381025,0.12437765300273895,0.28099745512008667,0.6958932131528854,114.94216918945312
89,0.25262677771469944,0.1244189441204071,0.2807174623012543,0.6966346800327301,114.9152603149414
90,0.25238547830492186,0.12450574338436127,0.2803751230239868,0.6970954686403275,114.85777282714844
91,0.25245346422301246,0.12452656775712967,0.2799951136112213,0.6980810314416885,114.82657623291016
92,0.2521770880954442,0.12468529492616653,0.2796398401260376,0.6985569149255753,114.75054168701172
93,0.25232785865055174,0.12464038282632828,0.27924826741218567,0.699546679854393,114.73480224609375
94,0.2522328965193899,0.12470120936632156,0.27895379066467285,0.7002129852771759,114.69756317138672
95,0.2521512285590169,0.1247531995177269,0.2785624861717224,0.700952410697937,114.64976501464844
96,0.2521977211851591,0.12476418912410736,0.2781611382961273,0.7018021047115326,114.61639404296875
97,0.25207880029958396,0.12483761459589005,0.2778995931148529,0.7022733390331268,114.57943725585938
98,0.2519962348266828,0.12488950788974762,0.27748939394950867,0.7030271887779236,114.52850341796875
99,0.2520945266202607,0.12483260035514832,0.2772202491760254,0.7038194090127945,114.52399444580078
100,0.25200090941504505,0.12489199638366699,0.2769971489906311,0.7042625844478607,114.4927749633789
101,0.25181588253737014,0.12501445412635803,0.2766358256340027,0.7048808634281158,114.42658996582031
102,0.24601501048635302,0.12927281856536865,0.2769321799278259,0.6955381780862808,113.40167999267578
103,0.24594061937073933,0.12925715744495392,0.27683526277542114,0.695953905582428,113.39804077148438
104,0.24576688756226794,0.129355788230896,0.2764908969402313,0.6964648365974426,113.34221649169922
105,0.24564058951826154,0.1294100284576416,0.27632755041122437,0.6967936754226685,113.3177490234375
106,0.24566849484671208,0.12934058904647827,0.27613309025764465,0.697337344288826,113.31892395019531
107,0.24563034698750114,0.12933896481990814,0.275929719209671,0.6977990120649338,113.30442810058594
108,0.2454227854418387,0.12941814959049225,0.27573439478874207,0.6981071084737778,113.26929473876953
109,0.24524902533940252,0.12945759296417236,0.27562209963798523,0.6982869952917099,113.24691772460938
110,0.24510886915400346,0.129512757062912,0.27536699175834656,0.6985727697610855,113.21820831298828
111,0.24498492124988008,0.1295585334300995,0.2751694917678833,0.6990072131156921,113.18952941894531
112,0.24487077364020102,0.12957988679409027,0.27502354979515076,0.6993547827005386,113.17051696777344
113,0.24505722677997924,0.12942373752593994,0.2747914791107178,0.7001174986362457,113.19159698486328
114,0.24469962566586548,0.12960824370384216,0.27462995052337646,0.7001318037509918,113.13813781738281
115,0.24471445845370224,0.12954354286193848,0.27439573407173157,0.700727105140686,113.12779235839844
116,0.24478436321999186,0.1295161098241806,0.27417734265327454,0.7013347744941711,113.1235580444336
117,0.24460183669491806,0.1295420378446579,0.2739556133747101,0.7016605138778687,113.09152221679688
118,0.24452226862410456,0.12957237660884857,0.27383583784103394,0.7021347880363464,113.0771713256836
119,0.24442234949475436,0.12959736585617065,0.27360519766807556,0.7025709450244904,113.05339813232422
