lam_nm,txx_re,txx_im,rxx_re,rxx_im,tyx_re,tyx_im,ryx_re,ryx_im,T,R,px_re,px_im,py_re,py_im,pz_re,pz_im,mx_re,mx_im,my_re,my_im,mz_re,mz_im,Qxx_re,Qxx_im,Qyy_re,Qyy_im,Qzz_re,Qzz_im,Qxy_re,Qxy_im,Qxz_re,Qxz_im,Qyz_re,Qyz_im,Tx_re,Tx_im,Ty_re,Ty_im,Tz_re,Tz_im,C_px,C_Qxz,E_up_re,E_up_im,E_dn_re,E_dn_im
1292.5,-0.7106873989105225,0.3682056963443756,-0.3139168322086334,-0.5100933313369751,0.00025549979181960225,-0.0016303667798638344,-0.002054803306236863,0.0016420292668044567,0.6406547371666311,0.3587459026950967,-1.575675362135198e-31,1.380710945957507e-30,-8.489562081575348e-33,3.068565158929567e-32,-2.3402914326806913e-31,1.7433723719723227e-31,-4.687236747567961e-24,-6.014234213868842e-24,3.8979891230508692e-22,5.799118405153332e-22,5.294996078467462e-23,2.4476629941502676e-23,-7.533443571233935e-38,9.691841396310664e-38,3.3479550163532215e-38,-9.405646022322595e-38,4.1854866298038987e-38,-2.8619448502416404e-39,2.31802030259244e-38,-1.6528569409859336e-38,1.7068226992660376e-36,-1.3154557627232109e-36,1.3364710003601134e-38,-1.4827353112664967e-38,-9.80294450376703e-38,4.381823034019211e-39,1.363352249448147e-39,1.1775075565907866e-39,5.180437159323739e-38,6.9893405047858e-38,7.298334127470226e-13,6.912055073054569e-13,-1.5070144723722563,0.02562380601036494,-0.8417034633938605,-0.20486110936311258
1293.5,-0.6991879940032959,0.3749602735042572,-0.32647672295570374,-0.5130729675292969,0.00036831863690167665,-0.0017995600355789065,-0.0019926992245018482,0.001674414612352848,0.6294624317396801,0.3698376951557077,-1.5563632614718444e-31,1.385465154253508e-30,-8.239863261335487e-33,2.9719398691157344e-32,-2.3323694778480333e-31,1.7837092232405586e-31,-4.646826955631526e-24,-5.822716418927028e-24,3.9656205977496685e-22,5.73289443992936e-22,5.2761577573011614e-23,2.4017383904255713e-23,-7.46975166485644e-38,9.366142226991155e-38,3.2987269535266737e-38,-9.017120904758658e-38,4.1710253605725383e-38,-3.49022086737266e-39,2.2300704629479326e-38,-1.620695407937726e-38,1.704995800421508e-36,-1.3485321346863244e-36,1.2838438053927384e-38,-1.4865630797562068e-38,-9.778773808215945e-38,4.375458960849076e-39,1.3475709047730125e-39,1.1159813003009894e-39,5.295436608545602e-38,6.9580382568609e-38,7.323058721696338e-13,7.001371202441295e-13,-1.4936500993694637,0.02303041870116705,-0.85729107689472,-0.1996834247551563
1294.5,-0.6876986622810364,0.3813868761062622,-0.33900120854377747,-0.5157639384269714,0.00044395835720933974,-0.0019024143693968654,-0.0018894067034125328,0.0016414242563769221,0.6183892156486761,0.3809405237071228,-1.5368444096018309e-31,1.3901914004694876e-30,-8.046376016797754e-33,2.8888008720494926e-32,-2.3262027404437724e-31,1.8255396539652683e-31,-4.631771382728218e-24,-5.686562290492958e-24,4.0311499281679905e-22,5.666286995392357e-22,5.258159576631512e-23,2.3567257097760727e-23,-7.40324617743226e-38,9.068816462457725e-38,3.247772657834692e-38,-8.677510971200142e-38,4.1554743214974323e-38,-3.9130336226128865e-39,2.1390685021714238e-38,-1.5816541890157694e-38,1.7026548421892513e-36,-1.3812479839146548e-36,1.245218839552322e-38,-1.4809518405219201e-38,-9.756868181575184e-38,4.3638952879952503e-39,1.318258472020684e-39,1.0525387782838968e-39,5.41365175025586e-38,6.930871131150011e-38,7.347460437219743e-13,7.088923400025519e-13,-1.4805843337333595,0.02018097564928467,-0.87266347405294,-0.19425425273754562
1295.5,-0.6759923696517944,0.3874940276145935,-0.35172292590141296,-0.5181624889373779,0.0005059765535406768,-0.0019738550763577223,-0.0017679731827229261,0.0015535897109657526,0.6071214573805628,0.392206920916594,-1.5176145568444677e-31,1.3949539035232103e-30,-7.884881462416468e-33,2.811604815834304e-32,-2.321187011323313e-31,1.8711177807172546e-31,-4.597989658270064e-24,-5.505874378254931e-24,4.0955606335035803e-22,5.597938860525304e-22,5.2402543885686547e-23,2.3117178086191762e-23,-7.324997244406607e-38,8.780015337199815e-38,3.20608873638468e-38,-8.403258506085768e-38,4.1189104342437745e-38,-3.767571753160896e-39,2.0472887097111087e-38,-1.5287028749274173e-38,1.6996632165591696e-36,-1.4143005765635963e-36,1.185117488622745e-38,-1.455155905480394e-38,-9.735039047262328e-38,4.357941356998722e-39,1.2629132756924173e-39,9.835677109897567e-40,5.540590873653675e-38,6.905829271333676e-38,7.372266753382109e-13,7.17685045415754e-13,-1.4675711135281664,0.016888350059032643,-0.8880404093759142,-0.18839165447715275
1296.5,-0.6643901467323303,0.39316704869270325,-0.36428412795066833,-0.5201671719551086,0.0005788864218629897,-0.0020949316676706076,-0.0016750498907640576,0.001543068210594356,0.5959993191009195,0.40328199950819354,-1.497163067981545e-31,1.3993009783814158e-30,-7.685692342293558e-33,2.7361022655573774e-32,-2.310994779353535e-31,1.9110033768272682e-31,-4.580922990587344e-24,-5.335324231684219e-24,4.1570405828062253e-22,5.529775104268254e-22,5.221679511831066e-23,2.2666372104481007e-23,-7.25503353778707e-38,8.57748023592374e-38,3.150086202386309e-38,-8.08030406253051e-38,4.1049497712835973e-38,-4.971765428821718e-39,1.9612673477496135e-38,-1.474009743002567e-38,1.6961542572187027e-36,-1.446766590160598e-36,1.132742077256876e-38,-1.456265866177694e-38,-9.717514794353535e-38,4.3428422468457065e-39,1.2292980393718017e-39,9.223072014854782e-40,5.654501984900524e-38,6.868745386056488e-38,7.392587717691215e-13,7.262012677482495e-13,-1.4548181576794919,0.013350274027706435,-0.9028734183294503,-0.18218430822766654
1297.5,-0.6526318192481995,0.39858734607696533,-0.37701329588890076,-0.5219177603721619,0.0006349507602863014,-0.0022365169133991003,-0.0015819462714716792,0.0014914709609001875,0.584805569118265,0.41454190090853826,-1.4767116843660951e-31,1.403887546414123e-30,-7.577477545061248e-33,2.660783267656754e-32,-2.3016029031524325e-31,1.9519574531924176e-31,-4.5681005493124275e-24,-5.238996888988239e-24,4.2175835293663517e-22,5.459963918782696e-22,5.2051714417600735e-23,2.221803321510942e-23,-7.186796347968452e-38,8.357276119120818e-38,3.086722592246421e-38,-7.8435425859934e-38,4.100076452542844e-38,-5.137357579524032e-39,1.884264539689962e-38,-1.4091817143030062e-38,1.6919517671666343e-36,-1.479443924609722e-36,1.1089998162782075e-38,-1.4553770450238246e-38,-9.700748486005988e-38,4.324042371408983e-39,1.189492553450895e-39,8.661719041202181e-40,5.769761394441593e-38,6.832883782307073e-38,7.415404978341266e-13,7.346858496137343e-13,-1.4423043801874722,0.009482051197092141,-0.9178028430660472,-0.1756656271921815
1298.5,-0.6406143307685852,0.4037359952926636,-0.3899608552455902,-0.5233446955680847,0.0007009587134234607,-0.002321661915630102,-0.0014907594304531813,0.0014345933450385928,0.5733953561382082,0.42596341942486854,-1.455383150682352e-31,1.4083620904439801e-30,-7.415303612230342e-33,2.5957281459982915e-32,-2.293706922831677e-31,1.9963142731224537e-31,-4.522244284705919e-24,-5.061341467500264e-24,4.277121570667601e-22,5.387932318506586e-22,5.1869048725189674e-23,2.176761695485203e-23,-7.127363931472621e-38,8.169848170373939e-38,3.0437861389311786e-38,-7.591783755139365e-38,4.0835791112207843e-38,-5.7806546381824267e-39,1.794737977630127e-38,-1.3437721627901922e-38,1.686933124406346e-36,-1.5125192971627017e-36,1.0558129280812234e-38,-1.433642056338999e-38,-9.68483962931593e-38,4.3064312168381124e-39,1.1408601822747554e-39,8.066703123252808e-40,5.893458061967983e-38,6.801118009974369e-38,7.436951017166268e-13,7.431691360819347e-13,-1.4297270562091193,0.005223385775529901,-0.9327080562352273,-0.16864427436149526
1299.5,-0.6286764144897461,0.4084392189979553,-0.4027838408946991,-0.5244260430335999,0.0007758375722914934,-0.002460238989442587,-0.0013954705791547894,0.0013609189772978425,0.5620632844511665,0.43726129653636553,-1.4346726551284346e-31,1.4127406843709436e-30,-7.267092759465172e-33,2.5235180321008993e-32,-2.2832218726608953e-31,2.0381870693830446e-31,-4.506446657945035e-24,-4.900389249462636e-24,4.333976162019579e-22,5.316021050569513e-22,5.170225059218102e-23,2.1329897088003865e-23,-7.045195326754659e-38,7.998425437010853e-38,2.9921747322765614e-38,-7.385022182449586e-38,4.053022443133066e-38,-6.133987508644337e-39,1.7148391919410134e-38,-1.2677012812303673e-38,1.6814350683508752e-36,-1.5451129297403066e-36,1.0100819453669393e-38,-1.4318901226040122e-38,-9.6695165625725e-38,4.295082127006298e-39,1.0858289556118999e-39,7.468218204236109e-40,6.011127803486177e-38,6.762121048553085e-38,7.457556576753476e-13,7.514368609667198e-13,-1.4174722233991313,0.0006290579965226539,-0.9472074360560871,-0.16133795809357193
1300.5,-0.6166362166404724,0.4128858745098114,-0.4156922399997711,-0.5252134203910828,0.0008112397626973689,-0.002566414652392268,-0.0013090543216094375,0.001317233545705676,0.550722213636528,0.4486526240823584,-1.4127927368317871e-31,1.4170523024719483e-30,-7.172328953647698e-33,2.465252662352828e-32,-2.2723106866353794e-31,2.0809515360943704e-31,-4.464235496649455e-24,-4.763700426499472e-24,4.389592198345058e-22,5.24279771116334e-22,5.152226915924441e-23,2.088579411412486e-23,-6.979322331480942e-38,7.863935497058999e-38,2.946752663933278e-38,-7.170389192639578e-38,4.032569939837914e-38,-6.935438458083164e-39,1.638340500368151e-38,-1.1951018705191558e-38,1.6752593246455968e-36,-1.5777986949793406e-36,9.676965713056158e-39,-1.415710668740143e-38,-9.65645980553172e-38,4.2763117836528883e-39,1.049298382604929e-39,6.955545435565189e-40,6.131064894696322e-38,6.722706604425851e-38,7.47733408706373e-13,7.596446799313052e-13,-1.4053550724753399,-0.004210805514384976,-0.9616053455107513,-0.15367906702268033
1301.5,-0.6046448945999146,0.41694507002830505,-0.42849424481391907,-0.5256799459457397,0.0008636799175292253,-0.002677222480997443,-0.0012255614856258035,0.001246100291609764,0.5394465534498627,0.45994977817505844,-1.3908933385641716e-31,1.4212481623682073e-30,-7.083002907468045e-33,2.4078019201268615e-32,-2.261295958808282e-31,2.124285983882107e-31,-4.426948809887877e-24,-4.619829821069881e-24,4.442672267891717e-22,5.1693592576175855e-22,5.134903146304057e-23,2.0451712389648744e-23,-6.916814072385539e-38,7.738926029044312e-38,2.9042548959500145e-38,-6.993822107510396e-38,4.0125607120581075e-38,-7.451024548538888e-39,1.5534371990509287e-38,-1.1129459320336453e-38,1.6685297314881474e-36,-1.6100038299751107e-36,9.265494326013561e-39,-1.401044558288692e-38,-9.643502295362627e-38,4.256229718524942e-39,9.922331547584275e-40,6.428170917355812e-40,6.252023889321345e-38,6.682326242141638e-38,7.4958977646226e-13,7.675947345594038e-13,-1.3934833575669265,-0.009346741088769117,-0.9756245601176026,-0.14573561406994767
1302.5,-0.5925262570381165,0.42068856954574585,-0.44139477610588074,-0.5257768630981445,0.0009024381870403886,-0.002799650654196739,-0.0011376432375982404,0.0011825335677713156,0.5280748902645127,0.4712733507606605,-1.3683007061657066e-31,1.4254498926390906e-30,-6.987204724229156e-33,2.347592246486423e-32,-2.2499656944787816e-31,2.1674351790374774e-31,-4.379225915456649e-24,-4.477909041544455e-24,4.494579590167361e-22,5.094671589005533e-22,5.116463430919957e-23,2.0011656979598503e-23,-6.840450868509518e-38,7.611445675210316e-38,2.849532981720676e-38,-6.811211701119471e-38,3.990918622915213e-38,-8.002327066525197e-39,1.4822288173575303e-38,-1.0266957031603367e-38,1.661124393922713e-36,-1.642475191848828e-36,8.839111428369493e-39,-1.384565135290595e-38,-9.631735272501683e-38,4.2375783433327565e-39,9.403623011539332e-40,5.932060122106176e-40,6.372482913173331e-38,6.641394829398289e-38,7.514450713105027e-13,7.755711302098239e-13,-1.3818004779709447,-0.014809583121801357,-0.9895211646710713,-0.13736899620181703
1303.5,-0.5803923606872559,0.42413774132728577,-0.4542905390262604,-0.5255433320999146,0.000947842956520617,-0.002890976145863533,-0.0010480456985533237,0.0011028082808479667,0.5167573721116836,0.48257800234934184,-1.3456610862064855e-31,1.4297787328791403e-30,-6.88094762382033e-33,2.2963403867019586e-32,-2.2380061770169874e-31,2.2104439057518377e-31,-4.32582849144649e-24,-4.317608719787168e-24,4.544319947639441e-22,5.01895430843407e-22,5.09885856803591e-23,1.9581964160684245e-23,-6.762532765426176e-38,7.506225477429834e-38,2.81361490700814e-38,-6.659802287263407e-38,3.9489182359515427e-38,-8.464168807655678e-39,1.4055498803856565e-38,-9.37718851971181e-39,1.652924157393723e-36,-1.6745686420821255e-36,8.352407920546031e-39,-1.3595448980722037e-38,-9.622089124525267e-38,4.221904058081529e-39,8.820921395221674e-40,5.408428314260427e-40,6.492031402830917e-38,6.598653361004354e-38,7.534326544605151e-13,7.832236482696176e-13,-1.370508450023663,-0.02051991404261858,-1.0032891147414156,-0.1287338251839535
1304.5,-0.5680731534957886,0.4272534251213074,-0.46736839413642883,-0.5250176787376404,0.0009973749984055758,-0.003052697516977787,-0.0009764523711055517,0.0010419279569759965,0.5052629107195559,0.49407881789782504,-1.322278571354862e-31,1.4338926984365008e-30,-6.802936628622772e-33,2.234641424261772e-32,-2.2252595689396837e-31,2.253478914453939e-31,-4.262362927665151e-24,-4.155806895144826e-24,4.593030262722655e-22,4.941550334641859e-22,5.0808441618565253e-23,1.9159440806717398e-23,-6.693361290018795e-38,7.417354414129683e-38,2.7650451164274437e-38,-6.506678352676998e-38,3.928315966982864e-38,-9.106763554365867e-39,1.32794217608644e-38,-8.440594311778246e-39,1.6440805985591646e-36,-1.707075275569471e-36,7.868989187080818e-39,-1.3445996008263195e-38,-9.611437266410383e-38,4.207556160290425e-39,8.322818920289275e-40,4.912054962846307e-40,6.612182939981194e-38,6.554148484532128e-38,7.551885529217158e-13,7.910019853601978e-13,-1.359064360969139,-0.026646981004065203,-1.0169097180498876,-0.11958924097968494
1305.5,-0.5556730628013611,0.43006592988967896,-0.4804851710796356,-0.5241748690605164,0.001036297413520515,-0.003150709206238389,-0.0008703054045327008,0.0009399356786161661,0.49374025765575114,0.5056269338926133,-1.298201617728863e-31,1.4379833026656385e-30,-6.745759992091429e-33,2.1836991056550082e-32,-2.212707151767281e-31,2.2974358501488555e-31,-4.212956012360368e-24,-4.007779213684838e-24,4.640467133833801e-22,4.86351509322678e-22,5.064436770320752e-23,1.8725151296967842e-23,-6.623921125404645e-38,7.339514753436386e-38,2.733661756192393e-38,-6.386698634067937e-38,3.8902598010125353e-38,-9.528194536367767e-39,1.2572492329237048e-38,-7.482033903314882e-39,1.634787849602668e-36,-1.7397145480886185e-36,7.414794074024212e-39,-1.3195184140079158e-38,-9.601143107533047e-38,4.189974804448338e-39,7.65967986147598e-40,4.374149301476079e-40,6.734289180987562e-38,6.509377604138672e-38,7.569137244426291e-13,7.988721743145685e-13,-1.3477760085045984,-0.033064023831239846,-1.0303655166561803,-0.11008950302990692
1306.5,-0.5435748100280762,0.4324980080127716,-0.4932381212711334,-0.5229557752609253,0.0010748052736744285,-0.003320422489196062,-0.0008195576956495643,0.0009197330800816417,0.48254028144395755,0.5167681047375878,-1.2738552505282173e-31,1.4420856559817945e-30,-6.661431302639264e-33,2.1297983773529575e-32,-2.1965912978359424e-31,2.3400348058174544e-31,-4.1100120948744925e-24,-3.8429402594539045e-24,4.684322677396259e-22,4.7861527970280525e-22,5.044856316114244e-23,1.8298452089676253e-23,-6.553908402245674e-38,7.274531551975925e-38,2.677779979367943e-38,-6.248380074789275e-38,3.8761279897529093e-38,-1.026151495091027e-38,1.1851647355248036e-38,-6.530154621176234e-39,1.6247422570105082e-36,-1.771136294528919e-36,6.91518257360823e-39,-1.296461792580079e-38,-9.594051179495418e-38,4.1701608114141006e-39,7.176077033152574e-40,3.982543539615595e-40,6.852993765590165e-38,6.456556623241608e-38,7.586491355843559e-13,8.06034342950588e-13,-1.3371999917022188,-0.039540476460132326,-1.0432714392755424,-0.10050582735682272
1307.5,-0.5314721465110779,0.4346418082714081,-0.505973219871521,-0.5214943289756775,0.0010919925989583135,-0.0034018184524029493,-0.0007342083263210952,0.0008057107916101813,0.47138890883115137,0.5279664226126929,-1.249369982852962e-31,1.4460332247818652e-30,-6.635496619501474e-33,2.0834268830384805e-32,-2.1833057686690145e-31,2.3809599533571686e-31,-4.083727068384688e-24,-3.7144415617165485e-24,4.727085196993783e-22,4.708587643752e-22,5.0271929994810504e-23,1.7883739190593243e-23,-6.485236141436361e-38,7.207679459460768e-38,2.638707661058927e-38,-6.126601855179292e-38,3.8465288108410813e-38,-1.0810822449650069e-38,1.122564176660852e-38,-5.533559006846542e-39,1.6144072900034512e-36,-1.8026533582542237e-36,6.531775332368777e-39,-1.2777534582714917e-38,-9.586051871362832e-38,4.158175570275837e-39,6.590475632042288e-40,3.530279057370356e-40,6.96703114450774e-38,6.410708937753961e-38,7.602222554999617e-13,8.133371698447662e-13,-1.3266624031237293,-0.04625991441400811,-1.05591070365764,-0.0906284828079913
1308.5,-0.5192080140113831,0.4364840090274811,-0.5188429355621338,-0.5196621417999268,0.0011207167990505695,-0.003512562019750476,-0.0006618372863158584,0.0007209680043160915,0.460108846048433,0.5392476912262766,-1.224089176456862e-31,1.4500380227714482e-30,-6.594536340379351e-33,2.0365827783457165e-32,-2.167652129267992e-31,2.4254031950991326e-31,-4.023165711052553e-24,-3.580067477049443e-24,4.768164344254918e-22,4.6292477672358345e-22,5.008899238874717e-23,1.7467188762869572e-23,-6.413234333364697e-38,7.164996836946378e-38,2.5953327196960027e-38,-6.014103012085469e-38,3.8179034441733675e-38,-1.1508957596728366e-38,1.0517430606382283e-38,-4.498036731680729e-39,1.603191231217952e-36,-1.834225862844083e-36,6.150520997821851e-39,-1.254771074958065e-38,-9.57923063135353e-38,4.143282254753908e-39,6.013873665662476e-40,3.1250467092602575e-40,7.090261489306887e-38,6.358296218211507e-38,7.618486866814166e-13,8.205006941285626e-13,-1.3163175265247897,-0.05333127964013505,-1.068488598699984,-0.08031675440956376
1309.5,-0.5070711970329285,0.43799689412117004,-0.5315579175949097,-0.517514705657959,0.001133213983848691,-0.003582399571314454,-0.0005838751676492393,0.0006388186593540013,0.4489765958808202,0.5503760393295717,-1.1984745229670032e-31,1.4540357418109753e-30,-6.530837733591563e-33,1.9995055235862503e-32,-2.1524720042555203e-31,2.4691020337657257e-31,-3.944262917417199e-24,-3.438398832951257e-24,4.807102001175324e-22,4.549934512450743e-22,4.989943408363979e-23,1.7047881812391703e-23,-6.331698989625576e-38,7.112758630750016e-38,2.54594705991936e-38,-5.895793976301673e-38,3.7857533111683314e-38,-1.2169634997671701e-38,9.898844157587154e-39,-3.467233072841634e-39,1.5914042944000812e-36,-1.865346590666194e-36,5.7154610989293117e-39,-1.218973005545868e-38,-9.57310011794546e-38,4.130463412561364e-39,5.369359147784603e-40,2.7244463601753727e-40,7.21137642287867e-38,6.307454449288939e-38,7.634657167125366e-13,8.274114193543341e-13,-1.3063520156636432,-0.06056207812658669,-1.080711157305009,-0.06979449701342415
1310.5,-0.4950714111328125,0.4391889274120331,-0.5440875291824341,-0.5151132345199585,0.0011787798721343279,-0.003757473547011614,-0.0005156343686394393,0.0005693483981303871,0.4379981242118097,0.5613734738258604,-1.172693645764222e-31,1.4578497296151976e-30,-6.48065596624732e-33,1.9435072781917948e-32,-2.136244070874886e-31,2.5114144556514802e-31,-3.862582095931401e-24,-3.2918777874189347e-24,4.844142796728778e-22,4.471233500892299e-22,4.970168418642135e-23,1.663875114677569e-23,-6.261950144364684e-38,7.070797720211462e-38,2.5065760037777815e-38,-5.807300606958943e-38,3.7553726845737977e-38,-1.2634959550402135e-38,9.263398009937692e-39,-2.3758933664842897e-39,1.5793380231799686e-36,-1.8960832479437445e-36,5.288114898533056e-39,-1.1998936274212428e-38,-9.56706455247172e-38,4.11769582520405e-39,4.741167342715402e-40,2.294295742535558e-40,7.328649421562689e-38,6.254120729155416e-38,7.648907299783994e-13,8.342276881730234e-13,-1.296603576026724,-0.06795910649200382,-1.0924959447207487,-0.05909157681124144
1311.5,-0.48268619179725647,0.4400694966316223,-0.5569925308227539,-0.5122987627983093,0.001189671689644456,-0.0038504512049257755,-0.0004419352626428008,0.0004792887484654784,0.42666336291055795,0.5726911267814955,-1.145869932731146e-31,1.4617095957660539e-30,-6.452153748358954e-33,1.903480488930877e-32,-2.1196465672623743e-31,2.555185186748167e-31,-3.7748374177230184e-24,-3.153506390985123e-24,4.880383045894463e-22,4.389112636899875e-22,4.950546437644096e-23,1.622354333131444e-23,-6.188248695217347e-38,7.04745217436287e-38,2.4677881047765593e-38,-5.706001858972904e-38,3.7204597990307616e-38,-1.3414472891981562e-38,8.662749671429454e-39,-1.2926922580173818e-39,1.566103250209803e-36,-1.9275623169034215e-36,4.873716272752297e-39,-1.1634586975636522e-38,-9.560673340762165e-38,4.109075280717512e-39,4.121658906749509e-40,1.8998789204341304e-40,7.450121861798413e-38,6.199553122704274e-38,7.663561413462433e-13,8.411556286665336e-13,-1.2867882810116937,-0.07587740670273194,-1.1043981107444327,-0.04771879993391895
1312.5,-0.4707804322242737,0.440644234418869,-0.5693507194519043,-0.5092706680297852,0.0012047637719660997,-0.003993375226855278,-0.0003887061320710927,0.00042041216511279345,0.4158189551933138,0.5835171828947504,-1.119248425622435e-31,1.4654392406786386e-30,-6.441670633796177e-33,1.860100094384898e-32,-2.1028540621374018e-31,2.5986640154321287e-31,-3.709297507113511e-24,-3.0361816415772094e-24,4.913549292320796e-22,4.309630959259046e-22,4.931003996573526e-23,1.582422579204232e-23,-6.116501363242143e-38,7.020665037620059e-38,2.424762395513824e-38,-5.625634718335392e-38,3.691739152918086e-38,-1.395029949451525e-38,8.077326587024788e-39,-1.8935780775024613e-40,1.552830632947948e-36,-1.9577087764342423e-36,4.539875539295654e-39,-1.1484696469730977e-38,-9.555496081378093e-38,4.099677549237615e-39,3.6632267280561774e-40,1.5825216294075632e-40,7.570108082505778e-38,6.144518603269005e-38,7.67688972882112e-13,8.475979623599876e-13,-1.2775774186358508,-0.08368595197109431,-1.1155851879538612,-0.036488616472610376
1313.5,-0.4587617814540863,0.4409291446208954,-0.5818226337432861,-0.5059263110160828,0.0011996072717010975,-0.004063632804900408,-0.0003176376048941165,0.0003036392736248672,0.40489883486822065,0.5944792024047727,-1.0916688033393475e-31,1.469119066368558e-30,-6.442736180294487e-33,1.823416803118678e-32,-2.0860699352630777e-31,2.6411426229876235e-31,-3.637904764682068e-24,-2.9148989413847835e-24,4.945814691960665e-22,4.2288275898283254e-22,4.911123417652539e-23,1.5419021365599213e-23,-6.055245942680179e-38,6.991151905908003e-38,2.380025802090476e-38,-5.524765559838823e-38,3.6752203795738914e-38,-1.4663833718001368e-38,7.452871722390953e-39,9.831736576037092e-40,1.538913559900861e-36,-1.9881941456643195e-36,4.1805013465737796e-39,-1.1124611029080099e-38,-9.550279991684017e-38,4.09207975443899e-39,3.021968798589708e-40,1.2335217798436956e-40,7.687595118039616e-38,6.090309453474064e-38,7.689639710406622e-13,8.541741935077667e-13,-1.2684340345363334,-0.09179765417423966,-1.1266477789712572,-0.024830706591798334
1314.5,-0.44666987657546997,0.44094187021255493,-0.5943278074264526,-0.5022093653678894,0.001215712632983923,-0.004200815223157406,-0.00024826396838761866,0.00021439680131152272,0.39396283635223633,0.6054398969445393,-1.063632692739707e-31,1.472922316673015e-30,-6.438919674233314e-33,1.7774352437182645e-32,-2.0674048961705087e-31,2.685852870598707e-31,-3.523355113417864e-24,-2.7503014867965615e-24,4.975934168265535e-22,4.1467013304293234e-22,4.891037869420461e-23,1.5015767057646392e-23,-5.972707921039683e-38,6.984515339531696e-38,2.346008715979517e-38,-5.455243978866192e-38,3.6267022412390403e-38,-1.5292740592468443e-38,6.885374351055818e-39,2.1284657260525807e-39,1.5241127194042768e-36,-2.018386461708659e-36,3.642015511189973e-39,-1.0724562243697884e-38,-9.54670150659924e-38,4.088820887604479e-39,2.3852975622044742e-40,8.361284240626169e-41,7.811470514219128e-38,6.030371455165727e-38,7.703658362764383e-13,8.604563486266435e-13,-1.2596236032747472,-0.10016655069555822,-1.1376057420280083,-0.012837027832817063
1315.5,-0.4351118206977844,0.4406687915325165,-0.6062238216400146,-0.49836334586143494,0.0012304795673117042,-0.004264554474502802,-0.00018200461636297405,0.00011040980461984873,0.383530980846501,0.6158733917380338,-1.0362259378980223e-31,1.476631832538232e-30,-6.394835540608438e-33,1.7459613545064412e-32,-2.049832126124263e-31,2.727863482992252e-31,-3.432577096950073e-24,-2.621637615855553e-24,5.003618251219978e-22,4.0675630015952274e-22,4.870225695274511e-23,1.4632620225555853e-23,-5.904168260931311e-38,6.964095976089881e-38,2.3090567640052535e-38,-5.386254801156135e-38,3.59511057085665e-38,-1.5778411576337073e-38,6.393195391997454e-39,3.2474720054011264e-39,1.5093825979539967e-36,-2.0473653677671643e-36,3.289445153610012e-39,-1.0316203824639084e-38,-9.543870897819231e-38,4.080919245104011e-39,1.6619526007251251e-40,5.092251119464267e-41,7.927347814374104e-38,5.974024456193137e-38,7.716766856826098e-13,8.66332420670546e-13,-1.2514405308861274,-0.108369220296031,-1.1478485078977603,-0.0011178136088801052
1316.5,-0.4230777323246002,0.44003763794898987,-0.6186041831970215,-0.49402472376823425,0.0012444185558706522,-0.004435672890394926,-0.00013423911877907813,5.1930794143117964e-05,0.3726491141721852,0.6267315838800827,-1.0073995904500152e-31,1.4802929333301375e-30,-6.387060020762112e-33,1.6976030566432167e-32,-2.0301502641111595e-31,2.772110332285506e-31,-3.326087516452329e-24,-2.488460753457405e-24,5.030117157176151e-22,3.9844203932259423e-22,4.849482228502903e-23,1.4235721795731176e-23,-5.818313767653056e-38,6.963223995674789e-38,2.266292371232525e-38,-5.319531796702808e-38,3.5520204496262557e-38,-1.6436906623929658e-38,5.865440129236293e-39,4.426626788678281e-39,1.4933357610091668e-36,-2.077155975662053e-36,2.890045865941009e-39,-1.0060840464511813e-38,-9.53991397756847e-38,4.083208713562949e-39,1.1915243357590097e-40,2.1718264473406257e-41,8.049831291739795e-38,5.91138259308031e-38,7.729288135187388e-13,8.723468647679078e-13,-1.2430557245893348,-0.11720887303755533,-1.1581932315870482,0.011463311504407171
1317.5,-0.41136154532432556,0.4391646087169647,-0.6306231021881104,-0.48945048451423645,0.0012451258953660727,-0.004531221929937601,-7.67705132602714e-05,-3.4130323911085725e-05,0.3621059568318155,0.6372472808631674,-9.78044294804537e-32,1.4839273065917041e-30,-6.38808450932967e-33,1.6625905513362818e-32,-2.0100044901280343e-31,2.8168676266985663e-31,-3.2339295299977682e-24,-2.3776028514090896e-24,5.054658247775313e-22,3.9029651842707424e-22,4.829088905950208e-23,1.38466049983081e-23,-5.73503557137692e-38,6.960810292042104e-38,2.2194080120220156e-38,-5.240715438386449e-38,3.5156257228672723e-38,-1.7200935464406698e-38,5.3836011726424076e-39,5.5850225303640944e-39,1.4771727022383625e-36,-2.106241992444609e-36,2.5834082517514926e-39,-9.716138487967545e-39,-9.537092474082838e-38,4.082996870715721e-39,6.591852962108031e-41,-8.32829896473041e-42,8.173315504004191e-38,5.847810062688481e-38,7.74151831903767e-13,8.781561013950337e-13,-1.2351659657466119,-0.12598499540557884,-1.1680572613000182,0.024031711915655094
1318.5,-0.399594783782959,0.4379560351371765,-0.6426458358764648,-0.48458051681518555,0.0012400943087413907,-0.004614873789250851,-1.6743882952141576e-05,-0.0001388061500620097,0.3515043148336108,0.6478119671937375,-9.486088355244696e-32,1.4874934265827662e-30,-6.387883843786039e-33,1.6300366345853693e-32,-1.990286412798789e-31,2.860619593446102e-31,-3.1239322552910757e-24,-2.2435176673798523e-24,5.077720647048994e-22,3.8204152663872154e-22,4.807044328269942e-23,1.34592184749025e-23,-5.66509769164163e-38,6.971005189778198e-38,2.1848298575680794e-38,-5.185486594716023e-38,3.4802652550647394e-38,-1.7855200503691883e-38,4.874923669791491e-39,6.792052501148853e-39,1.4602680610092664e-36,-2.1353555501282036e-36,2.1711968508960266e-39,-9.265170986733595e-39,-9.53377402533782e-38,4.0848431034040685e-39,-9.90563239644522e-42,-3.7653695156671655e-41,8.294283375751254e-38,5.785673123705507e-38,7.753059508370999e-13,8.839194489592004e-13,-1.2274093425480685,-0.13507574339300432,-1.177685044591905,0.036927536054340473
1319.5,-0.38825032114982605,0.4365784823894501,-0.6542143821716309,-0.47957316040992737,0.0012258783681318164,-0.004700258374214172,4.187809463473968e-05,-0.0002357978082727641,0.3413626783649763,0.6579869313801558,-9.190575618491063e-32,1.4909138524736093e-30,-6.412369310871735e-33,1.5971992024441205e-32,-1.9701496801455107e-31,2.9039539443317887e-31,-3.0420466772278576e-24,-2.1307431115884615e-24,5.098246363124229e-22,3.7400043808840846e-22,4.784996753402715e-23,1.3080290872134895e-23,-5.587960671735293e-38,6.974950214397236e-38,2.1495253717424187e-38,-5.119052275601474e-38,3.4384340559841905e-38,-1.8558965140915137e-38,4.4350573308277414e-39,7.995578611959309e-39,1.4433246558274737e-36,-2.1632160208910852e-36,1.8148547255420796e-39,-8.929868213448675e-39,-9.532012192711937e-38,4.090222138600006e-39,-6.490538172162825e-41,-6.509920696395223e-41,8.414358046069804e-38,5.722928701382186e-38,7.763107332098592e-13,8.891856891138614e-13,-1.2201132718334233,-0.14397550982442883,-1.1867438655335418,0.04966157626953502
1320.5,-0.3768285810947418,0.4348889887332916,-0.665827751159668,-0.47424545884132385,0.0012308732839301229,-0.0048300838097929955,9.819481056183577e-05,-0.00032857476617209613,0.3311530568099922,0.6682354670495563,-8.88977191581757e-32,1.494408333770342e-30,-6.424575057296671e-33,1.5555263403377036e-32,-1.949934861135015e-31,2.9477533929243604e-31,-2.935837235281455e-24,-2.015624832337781e-24,5.117720960602623e-22,3.658504293059358e-22,4.762619825150971e-23,1.2703846182506498e-23,-5.521373031525028e-38,6.988014773280425e-38,2.111622044586976e-38,-5.070831531708912e-38,3.409750055771016e-38,-1.9171808547496375e-38,3.973467830614039e-39,9.218321789620412e-39,1.4256905661352925e-36,-2.1913196402341492e-36,1.49202159932636e-39,-8.592573462841666e-39,-9.529953376558487e-38,4.091922793715126e-39,-1.2464665732896065e-40,-9.345900863557755e-41,8.535295194856718e-38,5.659969531301489e-38,7.773917920327908e-13,8.945489805222868e-13,-1.2130249720388369,-0.1531797214418606,-1.1956703965637252,0.06274232524386056
1321.5,-0.3653772473335266,0.43288272619247437,-0.6774470806121826,-0.4685054421424866,0.0012198950862511992,-0.004873005207628012,0.00014060804096516222,-0.00044020911445841193,0.3209132218286288,0.6784321099017814,-8.576611890531072e-32,1.4978680562067956e-30,-6.422354961560941e-33,1.534409959113693e-32,-1.928134162056973e-31,2.9934135152185813e-31,-2.8509283312775825e-24,-1.9083015244546182e-24,5.135055658172949e-22,3.5757829775005886e-22,4.741434249807858e-23,1.2326690880070532e-23,-5.438775361222212e-38,7.003346624713967e-38,2.0622955293315318e-38,-5.006719867188991e-38,3.3764816816931023e-38,-1.9966242367708443e-38,3.579182669261044e-39,1.0441014746182953e-38,1.4071604086619094e-36,-2.219221715831216e-36,1.2230898733978383e-39,-8.20426127955105e-39,-9.528413951449113e-38,4.10059910214435e-39,-1.9276587207471864e-40,-1.1381847338115086e-40,8.661327431748339e-38,5.592543953839014e-38,7.784323464099242e-13,8.996900398056596e-13,-1.206171852381253,-0.16263586170970964,-1.2043472036660234,0.07626121745899316
1322.5,-0.3541402816772461,0.43065276741981506,-0.6887941360473633,-0.4626385569572449,0.001227921457029879,-0.004992583766579628,0.000176119152456522,-0.0005272133857943118,0.3109035788765555,0.6884721052086257,-8.271522391470895e-32,1.5013127390486677e-30,-6.434733572048906e-33,1.4976042426237994e-32,-1.9064002215538228e-31,3.0374996099400053e-31,-2.7058237581229204e-24,-1.77372688627025e-24,5.151144767145558e-22,3.4943547105913524e-22,4.718181169314656e-23,1.1961351493421416e-23,-5.367139840614084e-38,7.020844451537827e-38,2.030185152394375e-38,-4.972338556290669e-38,3.336955470611295e-38,-2.048506368216352e-38,3.1413238932930386e-39,1.1694824788326812e-38,1.388560241831187e-36,-2.246699025901187e-36,8.371319718279045e-40,-7.699636273841796e-39,-9.526684402849652e-38,4.108761180732082e-39,-2.610561578898502e-40,-1.3954841755659034e-40,8.78332057450379e-38,5.525506924773328e-38,7.794653352396868e-13,9.047874691419097e-13,-1.1996557137927455,-0.17212782127082507,-1.212654257700899,0.08970573584654198
1323.5,-0.34321328997612,0.42818334698677063,-0.6998105049133301,-0.456550270318985,0.0011968902545049787,-0.005112777464091778,0.00022558870841749012,-0.0005957233370281756,0.30116391409270404,0.6981732978919478,-7.959882485658555e-32,1.504487419074662e-30,-6.480952977069366e-33,1.462188728811686e-32,-1.8842675770832227e-31,3.081987032190253e-31,-2.6041674536581342e-24,-1.6820275191500576e-24,5.16487497822025e-22,3.4142897867446894e-22,4.696026846174022e-23,1.159233250085268e-23,-5.278433611549518e-38,7.035504771630296e-38,1.9794676741708462e-38,-4.905098779657082e-38,3.2989665849668746e-38,-2.130404385872541e-38,2.7390560318254452e-39,1.2915202395080433e-38,1.3697623726878269e-36,-2.2733263403597443e-36,5.484813958941206e-40,-7.405742410686961e-39,-9.525114885118705e-38,4.1257486809676635e-39,-3.0050378766427507e-40,-1.5757915563670068e-40,8.906624034299883e-38,5.457544712247972e-38,7.80218445707612e-13,9.095386923548064e-13,-1.1934206762458224,-0.18156538218737767,-1.2203604495983962,0.10321579795027538
1324.5,-0.3321487009525299,0.42541617155075073,-0.7109197378158569,-0.45012614130973816,0.001197319244965911,-0.005192080046981573,0.0002753175504039973,-0.0007295627146959305,0.29133006982993953,0.7080210247680694,-7.641823102783807e-32,1.5077881440007705e-30,-6.497145831947142e-33,1.4290967972847738e-32,-1.8628364556135581e-31,3.1278450372302516e-31,-2.484654354574908e-24,-1.5722074116902495e-24,5.177362051408268e-22,3.3322952548724982e-22,4.6727086386978075e-23,1.1237840675589764e-23,-5.21292598142876e-38,7.064874828343941e-38,1.9525984870237654e-38,-4.874719030925156e-38,3.2603275494400013e-38,-2.19015684025065e-38,2.3707446257080586e-39,1.4185435182837273e-38,1.349970722706552e-36,-2.300134902995583e-36,2.575689345693128e-40,-6.893845087725815e-39,-9.523217881226582e-38,4.136183037232641e-39,-3.6460338342127063e-40,-1.8301272764902235e-40,9.033160215013189e-38,5.391805919743839e-38,7.811021432580453e-13,9.142667901096454e-13,-1.187372002539028,-0.19133811971183454,-1.2280175016937709,0.11710394842808536
1325.5,-0.3213540017604828,0.42246195673942566,-0.7217364311218262,-0.4435438811779022,0.0011703443014994264,-0.005307680927217007,0.00031271696207113564,-0.0007999353110790253,0.28177204052218985,0.7176353882272278,-7.323700527889104e-32,1.5109556094991488e-30,-6.546856589303377e-33,1.3942870810091557e-32,-1.8393402508324534e-31,3.1726653581257945e-31,-2.325398238071889e-24,-1.4519487521572936e-24,5.188205084521498e-22,3.2518863602250612e-22,4.6491463783053544e-23,1.0882973028754048e-23,-5.128662061854669e-38,7.092047445760997e-38,1.910372986358769e-38,-4.821682765569662e-38,3.2182883871834834e-38,-2.270364661222505e-38,2.0323006872457537e-39,1.5424501531188347e-38,1.3301727719226098e-36,-2.3263155952882964e-36,-1.369972402415105e-40,-6.350068581459767e-39,-9.522248870192066e-38,4.1544017273606766e-39,-4.2771824989058845e-40,-2.001517837780204e-40,9.158168564077499e-38,5.320609990013352e-38,7.818519238981656e-13,9.188448628009941e-13,-1.1816426483740543,-0.2010565613633759,-1.235237017355531,0.13097062448242106
1326.5,-0.31048837304115295,0.41921287775039673,-0.732607364654541,-0.4365520775318146,0.0011531506897881627,-0.005350389983505011,0.000353802926838398,-0.0009061782038770616,0.2721724230950002,0.7272922134788633,-6.993020913708975e-32,1.5142336913690182e-30,-6.552294283762524e-33,1.375342931355999e-32,-1.8166152575683404e-31,3.218291632762976e-31,-2.219931259523737e-24,-1.3550016449837201e-24,5.197107273230247e-22,3.169610914193157e-22,4.62553036693432e-23,1.052782635783307e-23,-5.054134547783577e-38,7.121518224715102e-38,1.8712628645604703e-38,-4.779493409046136e-38,3.1828702747552025e-38,-2.3420269877829273e-38,1.7240103960954964e-39,1.669125365527983e-38,1.3092642108278542e-36,-2.352363217529603e-36,-3.923628879317883e-40,-5.88919401647937e-39,-9.522329917295096e-38,4.173650053572918e-39,-4.953719502153272e-40,-2.182239541248935e-40,9.284701794728872e-38,5.251495844584663e-38,7.827137194929627e-13,9.231901906816536e-13,-1.176212632867021,-0.211043599440982,-1.2423404989006115,0.1452665429826325
1327.5,-0.30006465315818787,0.41573143005371094,-0.7429291009902954,-0.42955419421195984,0.0011460146633908153,-0.005498544313013554,0.00039505274617113173,-0.0010152404429391026,0.26290296534861807,0.7364616416431637,-6.673408353665306e-32,1.5171379882170597e-30,-6.628227218812749e-33,1.3276543342468153e-32,-1.7929514477466204e-31,3.2646908153923804e-31,-2.1004370991224225e-24,-1.2617386480564926e-24,5.2043098937690545e-22,3.0905414796884567e-22,4.600614018779863e-23,1.0183474459017944e-23,-4.980566760627656e-38,7.155023165954069e-38,1.8371987885436389e-38,-4.742990940740505e-38,3.143370724048482e-38,-2.4120342193389107e-38,1.3866129150790377e-39,1.7982247065640236e-38,1.2887756180847553e-36,-2.3775095465450164e-36,-6.411747086775258e-40,-5.541993170171994e-39,-9.519801642232132e-38,4.191133933606076e-39,-5.419262519986778e-40,-2.4012813661849428e-40,9.413226876126987e-38,5.180038469018061e-38,7.831995258792068e-13,9.27357356630345e-13,-1.170994309535481,-0.2209064314459322,-1.248651066200866,0.15927889108751564
1328.5,-0.2895447909832001,0.41204550862312317,-0.7533921003341675,-0.42209282517433167,0.0011022486723959446,-0.0055463798344135284,0.0004165520949754864,-0.0010858136229217052,0.25364966444339665,0.7457633624164486,-6.335944619231199e-32,1.5203583000380892e-30,-6.64567096808391e-33,1.3138326691561108e-32,-1.7687784450744563e-31,3.310088201566628e-31,-1.9993240174184386e-24,-1.1789008444240756e-24,5.210008957571086e-22,3.009347635865424e-22,4.5776416045999015e-23,9.828772947143764e-24,-4.896790844669974e-38,7.189041191628956e-38,1.785080401992837e-38,-4.6894047455036195e-38,3.111711118961309e-38,-2.4996301851827753e-38,1.0748943871383082e-39,1.925781004078013e-38,1.2671450975821434e-36,-2.4027002537822453e-36,-8.670700574228402e-40,-5.153389173885564e-39,-9.520358945562003e-38,4.219923618272973e-39,-5.876092901391039e-40,-2.4605264700740177e-40,9.539147090681317e-38,5.107282444912153e-38,7.840073776192754e-13,9.313983736182953e-13,-1.1662188130575484,-0.23096389734524644,-1.2550482905254254,0.17376744782675727
1329.5,-0.2794198989868164,0.4081755578517914,-0.7633633613586426,-0.41463717818260193,0.001104592578485608,-0.005626444239169359,0.0004606037982739508,-0.0012128520756959915,0.24471564297696474,0.7546492941620127,-6.008391914334013e-32,1.5234056863643621e-30,-6.675077103172603e-33,1.2816976000092867e-32,-1.7444569020434905e-31,3.356907038115476e-31,-1.8253571570331186e-24,-1.04176860087306e-24,5.21376554356786e-22,2.9307166515712144e-22,4.5529102486717547e-23,9.496448146768908e-24,-4.820014395917463e-38,7.231948139394097e-38,1.7593105350843784e-38,-4.671787329820877e-38,3.060703275628302e-38,-2.5601564992561465e-38,7.99567838165819e-40,2.0521423233477688e-38,1.2457388558448075e-36,-2.4268235549099967e-36,-1.2754107471123065e-39,-4.4625138927555104e-39,-9.52068837914883e-38,4.2413013774207926e-39,-6.7170869679314e-40,-2.7173690011177067e-40,9.6698359425049e-38,5.034504434579342e-38,7.846459044047778e-13,9.3508340589679e-13,-1.1617733231325944,-0.24089385857640805,-1.2608884859616556,0.187956656702037
1330.5,-0.2691363990306854,0.4039594531059265,-0.7734818458557129,-0.40677011013031006,0.0010649356991052628,-0.005696563515812159,0.0004836881416849792,-0.0012835421366617084,0.2356512259607765,0.7637379697984203,-5.666675265398179e-32,1.5263397518981226e-30,-6.712136038649375e-33,1.2600987639163366e-32,-1.7204871445748166e-31,3.40487695032773e-31,-1.6819914207700706e-24,-9.546260105840255e-25,5.216227769664391e-22,2.8498552429810487e-22,4.5282219427261654e-23,9.158640480876851e-24,-4.753315287302423e-38,7.282157504246593e-38,1.724232616282319e-38,-4.6337136171114013e-38,3.029083127518284e-38,-2.6484461421835655e-38,5.3471913004702825e-40,2.184319679293562e-38,1.2232463319527387e-36,-2.4513102133368565e-36,-1.5336037615068975e-39,-3.931341468343373e-39,-9.519497564480117e-38,4.267140540817283e-39,-7.170200369669922e-40,-2.8125004151672236e-40,9.803486645517554e-38,4.96282404296756e-38,7.8516692218276e-13,9.38869995904491e-13,-1.1573383718049755,-0.2511963675076608,-1.2665158965366605,0.20271000438050307
1331.5,-0.2592528164386749,0.3996365964412689,-0.7831569910049438,-0.39880549907684326,0.0010470655979588628,-0.005787117872387171,0.0005110884667374194,-0.0013880160404369235,0.2269560191261822,0.772382886453797,-5.329634461178071e-32,1.5293662736587403e-30,-6.760334418863539e-33,1.2279562985181605e-32,-1.6951738947923376e-31,3.452236148048285e-31,-1.5354442175941395e-24,-8.673046823648575e-25,5.216856728651206e-22,2.7714349073379605e-22,4.503858444138443e-23,8.830065066106611e-24,-4.6677270426113517e-38,7.323378109226583e-38,1.683420486943247e-38,-4.605701739269013e-38,2.984306873310345e-38,-2.717679135926312e-38,3.22744841781789e-40,2.3116730757486156e-38,1.2008953166618238e-36,-2.4747597359589515e-36,-1.7535648812830096e-39,-3.4058420744115296e-39,-9.52030877080208e-38,4.2971350751588155e-39,-7.769046049618077e-40,-2.9419629551555393e-40,9.935728238994928e-38,4.887458328941897e-38,7.857896855857752e-13,9.422850155363813e-13,-1.1534811432317222,-0.26128692934881537,-1.271761803018214,0.21721137447630667
1332.5,-0.2493727207183838,0.3950236141681671,-0.792793869972229,-0.3905675709247589,0.0010227352613583207,-0.005856605246663094,0.0005414814222604036,-0.001499813050031662,0.21826575540140003,0.7810676903649258,-4.989091362096052e-32,1.5321680747254679e-30,-6.804309922952846e-33,1.2036067948322518e-32,-1.6686367188807769e-31,3.500803817840261e-31,-1.4213043210663242e-24,-7.942323530972532e-25,5.216036445673979e-22,2.6924053885515184e-22,4.4783703904279884e-23,8.501492705806126e-24,-4.579271111390301e-38,7.370854933601773e-38,1.6438120954115835e-38,-4.5797855380616014e-38,2.935457722215784e-38,-2.791067596127879e-38,9.760810227059569e-41,2.4412506217781976e-38,1.1779380308150216e-36,-2.4981572347024724e-36,-1.916939692550241e-39,-2.9830017448982755e-39,-9.519077458857251e-38,4.333175742752828e-39,-8.388042922885118e-40,-3.068154884487322e-40,1.0070973799051054e-37,4.808285668941034e-38,7.861855856631061e-13,9.457043886879677e-13,-1.1496486929904766,-0.2716137707086131,-1.2766212729188264,0.23201313481744582
1333.5,-0.23972462117671967,0.3902879059314728,-0.8021706342697144,-0.3821816146373749,0.0009956505382433534,-0.00593208521604538,0.0005668445373885334,-0.0016037431778386235,0.20982872446970063,0.7895434063564167,-4.641090067254298e-32,1.5350596275825363e-30,-6.878062620902782e-33,1.175588445182936e-32,-1.643453510991313e-31,3.5500558332294932e-31,-1.2631315678376072e-24,-7.011537407413174e-25,5.213849509821317e-22,2.614187157847682e-22,4.4527749581668333e-23,8.174708638990412e-24,-4.5080722467753375e-38,7.423153924519037e-38,1.6096367749878574e-38,-4.550425992432341e-38,2.898435283882433e-38,-2.8727254121795496e-38,-1.059767181794041e-40,2.5714723029966077e-38,1.154723926100442e-36,-2.520981634208409e-36,-2.184995492101096e-39,-2.378847582291714e-39,-9.519770085112243e-38,4.3649855742516814e-39,-8.928068150142837e-40,-3.187805174163131e-40,1.0208743459982601e-37,4.733761495723099e-38,7.866763843790773e-13,9.489125515671043e-13,-1.1462334211674805,-0.281838241421707,-1.281254923835887,0.24677963817814244
1334.5,-0.2302943766117096,0.3853406310081482,-0.8112994432449341,-0.3736245632171631,0.0009737808723002672,-0.006018213462084532,0.0005881984252482653,-0.001701202243566513,0.20156006894719622,0.7978053409152168,-4.29569680323958e-32,1.5378391784007672e-30,-6.920304409319664e-33,1.1487343486279812e-32,-1.6166324929141236e-31,3.598951619003506e-31,-1.0979381079018495e-24,-6.001768281670551e-25,5.209655036101473e-22,2.536735041549122e-22,4.426785499538173e-23,7.858414116336349e-24,-4.4233261107984124e-38,7.482134773116358e-38,1.5746350465246265e-38,-4.537401180194649e-38,2.8486915543524305e-38,-2.944735290897519e-38,-3.1830371468766402e-40,2.701620196309298e-38,1.1311824281986857e-36,-2.543074180884032e-36,-2.47256765996131e-39,-1.7833772199823016e-39,-9.520573108911433e-38,4.402366452850365e-39,-9.59700965004961e-40,-3.3144043538516932e-40,1.034615062797002e-37,4.654736233823976e-38,7.870587558369916e-13,9.517880554145482e-13,-1.1431080680923895,-0.29208367559117504,-1.2854706051387708,0.26155518367259706
1335.5,-0.22097542881965637,0.3801555931568146,-0.8202569484710693,-0.36483898758888245,0.0009441523579880595,-0.006076800171285868,0.0006063704495318234,-0.0018102669855579734,0.1933862340744374,0.8059325931316322,-3.9462159287512965e-32,1.540520419067471e-30,-6.989511526345946e-33,1.124744561746951e-32,-1.5900430484857157e-31,3.6492533518125378e-31,-9.70281144706279e-25,-5.352231509801111e-25,5.204058447544495e-22,2.4594062666059763e-22,4.4009168065518107e-23,7.547137033118395e-24,-4.351006371831203e-38,7.54561973224528e-38,1.54401106874864e-38,-4.508846018658873e-38,2.806997544815108e-38,-3.0367708004579127e-38,-4.8889248719884395e-40,2.8351947428037986e-38,1.1071865308158695e-36,-2.5649049939958357e-36,-2.613555638469742e-39,-1.2928994443289235e-39,-9.52023042367606e-38,4.4398071326804125e-39,-1.0070944228147588e-39,-3.4050811870640036e-40,1.0487272906514971e-37,4.576465663776749e-38,7.873450897116358e-13,9.545894977977687e-13,-1.140175473829643,-0.30242636945723084,-1.2893186596772144,0.2764714066282614
1336.5,-0.2117627114057541,0.37479230761528015,-0.829098105430603,-0.3557572662830353,0.0009051760425791144,-0.006120205856859684,0.0006217004847712815,-0.0018942453898489475,0.1853509960529019,0.8139708756188836,-3.585957514705905e-32,1.5433417644911812e-30,-7.015746837580217e-33,1.1078868063292919e-32,-1.563659759818599e-31,3.6997404579841995e-31,-8.002686522942622e-25,-4.438030177913782e-25,5.196797980482616e-22,2.381781125896279e-22,4.375483901823568e-23,7.231665874462848e-24,-4.264517951516791e-38,7.604418127802875e-38,1.502023594972668e-38,-4.4828572518263364e-38,2.762495324158986e-38,-3.121562222794794e-38,-5.65710019970945e-40,2.961557229629957e-38,1.08255730260082e-36,-2.5863440375956047e-36,-2.8718968597593648e-39,-6.354098171229496e-40,-9.521795411164868e-38,4.484773018189744e-39,-1.0674849107219108e-39,-3.440849146583416e-40,1.0629379710641857e-37,4.4989437760198717e-38,7.877776459175681e-13,9.571923939681255e-13,-1.1376556280660512,-0.3127992299095548,-1.2930083521846327,0.2915861720657473
1337.5,-0.20277366042137146,0.36922818422317505,-0.8376682996749878,-0.34671249985694885,0.0008770838612690568,-0.006225957069545984,0.0006424642633646727,-0.0020234333351254463,0.17748614120295608,0.8219022448802313,-3.236178509064746e-32,1.5457123483312936e-30,-7.142577658627033e-33,1.0711148581183156e-32,-1.5370425244523786e-31,3.752505766053415e-31,-6.143624589384113e-25,-3.9689500891485274e-25,5.188805349521984e-22,2.305701410236487e-22,4.3487587130168245e-23,6.936317685577559e-24,-4.1914419595560195e-38,7.664759012838197e-38,1.4682665290687024e-38,-4.4623653246047505e-38,2.723174659680977e-38,-3.202398865094184e-38,-7.122536309472881e-40,3.096454343345845e-38,1.058101225190425e-36,-2.6074920330354238e-36,-2.9344498124413143e-39,3.519295699819453e-41,-9.519562040575604e-38,4.5236101509688996e-39,-1.1246391634660612e-39,-3.5216020059380354e-40,1.0777800562885434e-37,4.4206331896027107e-38,7.877590580672691e-13,9.59874929726883e-13,-1.1350226219773671,-0.3232120773239228,-1.2960969239623232,0.30656615147085625
1338.5,-0.19385185837745667,0.3634265065193176,-0.8461253643035889,-0.33725786209106445,0.0008530431077815592,-0.00626821955665946,0.0006557287997566164,-0.002135699149221182,0.16969738689618338,0.8296759888512313,-2.8733215350504905e-32,1.548388161643827e-30,-7.186342237634765e-33,1.0487888747651726e-32,-1.5091586765951126e-31,3.806083560397556e-31,-4.644687020139374e-25,-2.985157560411465e-25,5.178251115553155e-22,2.228752205177956e-22,4.3232533473851734e-23,6.630369062374966e-24,-4.115792247801034e-38,7.745284805544282e-38,1.4369949304319996e-38,-4.4536862153377895e-38,2.678798787065257e-38,-3.291596643366873e-38,-8.631791078961315e-40,3.228232375335369e-38,1.0326740400596932e-36,-2.6279940319063397e-36,-3.2095416137232874e-39,6.36060819772967e-40,-9.52050549703758e-38,4.567335429682946e-39,-1.1810486884515955e-39,-3.643478655376656e-40,1.0929212788525778e-37,4.3393781034058563e-38,7.880551273875061e-13,9.621178379819901e-13,-1.1329818249052102,-0.3337224263409475,-1.2991024852066289,0.3218273274057341
1339.5,-0.1852641999721527,0.3575608432292938,-0.8542419672012329,-0.32779577374458313,0.0008197013521566987,-0.00633495207875967,0.0006643268861807883,-0.0022292775101959705,0.16221338393031234,0.8371848188210713,-2.5134734534215353e-32,1.5508884734324816e-30,-7.243365493613909e-33,1.0272103813077947e-32,-1.4806408710088072e-31,3.8604915311103143e-31,-3.304410213823705e-25,-2.38197838014149e-25,5.166641465925079e-22,2.153824744093095e-22,4.295934945625519e-23,6.3348488104104705e-24,-4.0325387522064713e-38,7.82465401419669e-38,1.3997479341902507e-38,-4.4410616301784916e-38,2.6327908563967343e-38,-3.3835918670667833e-38,-1.020613617799964e-39,3.3627860469050173e-38,1.0074603999474042e-36,-2.6478264519835336e-36,-3.340142279075638e-39,1.0956853706474588e-39,-9.520962699527917e-38,4.614900662923832e-39,-1.2328059535030334e-39,-3.6728419335556644e-40,1.1083074996865478e-37,4.256285859747438e-38,7.881796360180003e-13,9.642066764053097e-13,-1.1311560091734505,-0.3440499134014267,-1.3016564858040867,0.3368816363239938
1340.5,-0.17687168717384338,0.3515568673610687,-0.8621162176132202,-0.31818872690200806,0.0007848701206967235,-0.006385985761880875,0.0006671882583759725,-0.002332149539142847,0.15491722154770732,0.8444943226608909,-2.1511163582287856e-32,1.5534066458317813e-30,-7.315463783750987e-33,1.0066717865268315e-32,-1.4522627597348773e-31,3.914998404885767e-31,-1.839799259065867e-25,-1.8622124368734825e-25,5.153547039986051e-22,2.0796575675311393e-22,4.269533198397824e-23,6.041053628478524e-24,-3.945342799247838e-38,7.906166975716996e-38,1.3619306800564307e-38,-4.426647492278903e-38,2.5834122822017036e-38,-3.479521594731722e-38,-1.0552183666583935e-39,3.487810335218066e-38,9.81998161002294e-37,-2.6670639707510974e-36,-3.423102778148105e-39,1.638829244442926e-39,-9.522389426061236e-38,4.666682538164716e-39,-1.2838284882984302e-39,-3.67802501020332e-40,1.1237845387392017e-37,4.173705623724971e-38,7.883284621276169e-13,9.660690181242774e-13,-1.1296643169282115,-0.3543196071478961,-1.3039413278701562,0.3519211768035215
1341.5,-0.1686805933713913,0.34533411264419556,-0.8697248697280884,-0.30844756960868835,0.0007567707216367126,-0.006451807450503111,0.0006753146881237626,-0.002437294228002429,0.1477509904571821,0.8515676486741289,-1.7911443010795738e-32,1.5556809735922166e-30,-7.384341590321618e-33,9.798944192907004e-33,-1.4226117338320635e-31,3.971688631693107e-31,3.9185239708862e-26,-9.945086513560771e-26,5.138805227765406e-22,2.006355357426316e-22,4.242212423864408e-23,5.764392265578793e-24,-3.855118177541297e-38,7.973901625353161e-38,1.3266431231170584e-38,-4.408135274823623e-38,2.5284760655580813e-38,-3.5657650027486184e-38,-1.0697029733509258e-39,3.6185281206653107e-38,9.562726995123589e-37,-2.6857269750592268e-36,-3.657727243044986e-39,2.4839722452672052e-39,-9.522060529331434e-38,4.717338972472279e-39,-1.3439712538301996e-39,-3.7510760209865946e-40,1.1399100125167681e-37,4.0875619954318646e-38,7.882370234736277e-13,9.67713799303464e-13,-1.1283074164373594,-0.36463021605920937,-1.305717090163585,0.3669580309790026
1342.5,-0.16058316826820374,0.3389753997325897,-0.8772504329681396,-0.2984907627105713,0.0007145528797991574,-0.006483715493232012,0.0006713169277645648,-0.0025404987391084433,0.14073382470733842,0.8586719623665879,-1.4212258437674934e-32,1.5581167636330519e-30,-7.451287757393946e-33,9.635760447575595e-33,-1.3947570500823207e-31,4.028488300468777e-31,2.0293112740124517e-25,-3.5739994122247324e-26,5.122986018886193e-22,1.9325968531401436e-22,4.2154208486657537e-23,5.470734263835229e-24,-3.7895964789412773e-38,8.074110548822952e-38,1.290774352627825e-38,-4.404129528922977e-38,2.498821595033936e-38,-3.6699816770373816e-38,-1.1384315453113962e-39,3.750709597309001e-38,9.299829167823912e-37,-2.704199978878895e-36,-3.799445448079824e-39,3.127760369303228e-39,-9.523144964669221e-38,4.7679554965185624e-39,-1.400470701009996e-39,-3.732454776880351e-40,1.1561265523716973e-37,4.007395194832374e-38,7.88315099130875e-13,9.693210743901819e-13,-1.127290002489065,-0.3749642442781153,-1.3074095282169222,0.38213666828483855
1343.5,-0.15272493660449982,0.3324374258518219,-0.8844612836837769,-0.28846898674964905,0.0006873736274428666,-0.00652656564489007,0.0006789681501686573,-0.0026543179992586374,0.13388261690945485,0.8654936250537137,-1.058408334591946e-32,1.560295976484284e-30,-7.516842863262516e-33,9.40334038577501e-33,-1.3643624753140552e-31,4.087057926626357e-31,3.706293940454752e-25,1.2048960459363984e-26,5.105718744279173e-22,1.860525137384177e-22,4.1878147820014214e-23,5.1953605748842694e-24,-3.7011021682883416e-38,8.163867257983584e-38,1.2540883888976953e-38,-4.3868363888833e-38,2.4470153197218445e-38,-3.777031683561897e-38,-1.1661877318935183e-39,3.880383771401799e-38,9.037608244478801e-37,-2.722038348528363e-36,-3.862955252857436e-39,3.757493695720333e-39,-9.522573527761953e-38,4.8226332553276094e-39,-1.456888440401539e-39,-3.775118946157779e-40,1.172861814886067e-37,3.919171828195131e-38,7.881414481722537e-13,9.707483239351555e-13,-1.1264103545213993,-0.385269580832947,-1.3085806909407285,0.3972071220237621
1344.5,-0.14498840272426605,0.32573041319847107,-0.8915184736251831,-0.2781596779823303,0.0006564359646290541,-0.006565512623637915,0.000678483338560909,-0.002751559717580676,0.12716547587116744,0.87218602669073,-6.859141769553465e-33,1.5627033743040373e-30,-7.576246975319701e-33,9.240819517352446e-33,-1.3348276400218094e-31,4.146949453514884e-31,5.412092343579771e-25,7.138582969970669e-26,5.086629462666799e-22,1.7879998030029295e-22,4.160145728167219e-23,4.920856496245282e-24,-3.6220433450982834e-38,8.264126917022514e-38,1.2299083664467816e-38,-4.396312044050128e-38,2.3921347552516333e-38,-3.867819964278357e-38,-1.1722495991584567e-39,4.0097426144614955e-38,8.767916521691884e-37,-2.7393617840190367e-36,-3.983440271779122e-39,4.409159907377882e-39,-9.524217418860512e-38,4.881811328819933e-39,-1.5133022125615432e-39,-3.803556029850882e-40,1.1899591985699803e-37,3.833825494609287e-38,7.882049005493339e-13,9.71897707565486e-13,-1.1260106511500392,-0.3956004159987905,-1.309642251086438,0.4124416939493335
1345.5,-0.13750547170639038,0.31890174746513367,-0.8982919454574585,-0.26784735918045044,0.0006276661297306418,-0.006643915083259344,0.0006817980902269483,-0.0028762107249349356,0.1206506148579168,0.8786793645304569,-3.1794589271121964e-33,1.564808760010075e-30,-7.685809606139618e-33,8.907415191525066e-33,-1.3051006002876755e-31,4.2093739903881385e-31,7.386741165353363e-25,1.30587634934436e-25,5.066326187259813e-22,1.7169111718900746e-22,4.133080063651127e-23,4.6556516090648e-24,-3.5494306162094793e-38,8.368647111853604e-38,1.2008427477954467e-38,-4.399601022587621e-38,2.348588872125254e-38,-3.9690434774217874e-38,-1.2333930749012749e-39,4.145603929500931e-38,8.498789980925322e-37,-2.75607056204681e-36,-4.0972452168947885e-39,5.122671926939212e-39,-9.524197235126254e-38,4.937944200815171e-39,-1.561355516104313e-39,-3.852928987162565e-40,1.2078737285494023e-37,3.7482855779726704e-38,7.879713226326495e-13,9.728760840122381e-13,-1.1256730723354305,-0.40585221452889664,-1.3102045576457462,0.4275162890157007
1346.5,-0.1300521343946457,0.31181472539901733,-0.9050108194351196,-0.2571633756160736,0.0005893436027690768,-0.0066712042316794395,0.0006603107322007418,-0.0029974982608109713,0.11418683292805046,0.885187006058967,6.297978219907167e-34,1.5669492905031027e-30,-7.782819343538664e-33,8.725396589660521e-33,-1.2741003559297214e-31,4.274010811696623e-31,8.891164142962421e-25,1.6813123799322353e-25,5.043942410086343e-22,1.6448112870995654e-22,4.105399562062087e-23,4.3840428857559755e-24,-3.464867229998454e-38,8.48594112728051e-38,1.1628210304138718e-38,-4.3942680413795205e-38,2.3020470207400373e-38,-4.091669176674485e-38,-1.2738283243259998e-39,4.2789487042920415e-38,8.220542114972048e-37,-2.7724443471041905e-36,-4.104692793010933e-39,5.7038394647500194e-39,-9.524303880098478e-38,5.0004565282103904e-39,-1.6049846936767526e-39,-3.7973223285751754e-40,1.226438213258197e-37,3.65897888458769e-38,7.877808392830432e-13,9.736724007794711e-13,-1.1256249516862127,-0.41626950828568654,-1.3105274409525156,0.44294172310603724
1347.5,-0.12292973697185516,0.3046768009662628,-0.9113622903823853,-0.24656355381011963,0.0005500614061020315,-0.006708338391035795,0.0006541250040754676,-0.003091964637860656,0.10798497765052434,0.8913847985233455,4.338673757349762e-33,1.5688719834551154e-30,-7.842386520638642e-33,8.50739989720761e-33,-1.2417129698193224e-31,4.338861274593042e-31,1.1266102604232558e-24,2.3012209252259805e-25,5.020616852718482e-22,1.574977012361298e-22,4.0773882803714915e-23,4.12365031554554e-24,-3.372875379080913e-38,8.598695244187733e-38,1.1211968208157654e-38,-4.387679798376946e-38,2.2516773133459315e-38,-4.211018465061427e-38,-1.1366292158307385e-39,4.4001215347841734e-38,7.945734130160252e-37,-2.788050564301021e-36,-4.2544983449405297e-39,6.610886048474935e-39,-9.5234123856308e-38,5.060858235224633e-39,-1.660134223557038e-39,-3.780858898126939e-40,1.2451976358485486e-37,3.5663008236459143e-38,7.873795504114116e-13,9.742544086404901e-13,-1.1257251805740767,-0.4264953078458897,-1.310395492788983,0.45803156631165914
1348.5,-0.11598457396030426,0.29743558168411255,-0.917488694190979,-0.2357473522424698,0.0005209635710343719,-0.006749124266207218,0.000644636107608676,-0.0032034707255661488,0.10196616872992272,0.8973729958380038,8.152049550044782e-33,1.5710210303792134e-30,-7.933721239135844e-33,8.299613598149527e-33,-1.2098615874758332e-31,4.406582366827082e-31,1.3001804521928345e-24,2.6044329191766987e-25,4.995822157764203e-22,1.5056276776555946e-22,4.049466378764476e-23,3.8712254389609844e-24,-3.294726222720094e-38,8.715882501448005e-38,1.0953773602179928e-38,-4.3974216547033897e-38,2.199349413198828e-38,-4.318462459412335e-38,-1.1603615055458738e-39,4.5371494587221014e-38,7.667291222924264e-37,-2.8031499055951805e-36,-4.237606114052069e-39,7.248908342962393e-39,-9.525209899785385e-38,5.129875329171313e-39,-1.713620569742463e-39,-3.76473451901539e-40,1.2647475211116267e-37,3.4748557377382657e-38,7.872139438016531e-13,9.74653434911458e-13,-1.1263134978852574,-0.43665073311480584,-1.3101589322970275,0.4732166990041254
1349.5,-0.10926617681980133,0.29007473587989807,-0.9233536720275879,-0.22494885325431824,0.000500328023917973,-0.006750690285116434,0.0006303422269411385,-0.003315990325063467,0.0961282719400658,0.9031953833504222,1.1896889952783756e-32,1.5729150857483461e-30,-7.983930863022743e-33,8.210513642058838e-33,-1.177595186522533e-31,4.476428642706072e-31,1.4832872776307381e-24,3.0635322307123815e-25,4.969600634528152e-22,1.437303481961967e-22,4.0212256943345016e-23,3.6121826788639366e-24,-3.207311338364176e-38,8.858304053068907e-38,1.06329985966023e-38,-4.4150784630972146e-38,2.1440133426719634e-38,-4.443227877157642e-38,-9.982298663943912e-40,4.656956646729904e-38,7.387918523229797e-37,-2.8175156203692317e-36,-4.2762054510232893e-39,7.984407074574269e-39,-9.525052885441834e-38,5.1916652008314556e-39,-1.7865831644942533e-39,-3.744027356068416e-40,1.2850264743920864e-37,3.3824890423826567e-38,7.868006942999644e-13,9.747726460401584e-13,-1.1269582009202117,-0.44674490964337765,-1.3094761939345565,0.48820984169994286
1350.5,-0.10268694162368774,0.2825927138328552,-0.9290685653686523,-0.21393515169620514,0.00045469283941201866,-0.0068050348199903965,0.0006088557420298457,-0.003420958761125803,0.09044976513592416,0.908948721951604,1.5726265774446005e-32,1.5749482408406842e-30,-8.090179609399132e-33,7.930498788420938e-33,-1.143830553230512e-31,4.549798229887004e-31,1.687517196449663e-24,3.3606367865813374e-25,4.942032900562226e-22,1.369373515888284e-22,3.993380673517924e-23,3.369065994635246e-24,-3.119884758735897e-38,8.994209740290571e-38,1.0231004861327617e-38,-4.425309527559322e-38,2.096783916610152e-38,-4.5689057908733637e-38,-9.509612813895086e-40,4.789411349748573e-38,7.10537231111595e-37,-2.8314967653506607e-36,-4.288103697007556e-39,8.724045524469507e-39,-9.526525569827372e-38,5.2623396032560615e-39,-1.822625747035341e-39,-3.690899094090702e-40,1.3063115049617107e-37,3.2858075774089093e-38,7.865356406686529e-13,9.74799858533047e-13,-1.1279743573434773,-0.45682678582379743,-1.3086589760458975,0.5033319022000036
1351.5,-0.0963132381439209,0.27488821744918823,-0.9345206022262573,-0.2027614265680313,0.00043131178244948387,-0.0068144588731229305,0.0005788427079096437,-0.0035386558156460524,0.08488639481374699,0.9144538092330918,1.9537712675572527e-32,1.5766830779620611e-30,-8.166714132687377e-33,7.749633919387203e-33,-1.1097089380865496e-31,4.624513217780738e-31,1.889870435405179e-24,4.069298992394508e-25,4.912275486129413e-22,1.3019651689259841e-22,3.9634855086896614e-23,3.121229825512697e-24,-3.0344811625420194e-38,9.149995298009666e-38,9.922235381697644e-39,-4.445645476673656e-38,2.0422585270908343e-38,-4.704352519855281e-38,-9.11266952505465e-40,4.922534582446062e-38,6.818310730676476e-37,-2.8446669955349958e-36,-4.420880945037062e-39,9.507735217859914e-39,-9.525940273976266e-38,5.3312687636103063e-39,-1.872340593245665e-39,-3.6671008203598345e-40,1.3281100951804878e-37,3.188640017875556e-38,7.85981248825579e-13,9.744416145552413e-13,-1.1291197000420232,-0.46693298908619124,-1.3072659369479729,0.5184408623738224
1352.5,-0.09005549550056458,0.2670322060585022,-0.939804196357727,-0.1914014369249344,0.00039249996189028025,-0.006834907457232475,0.000566177477594465,-0.0036283149383962154,0.07946306135849161,0.9198799227747512,2.3415945175698903e-32,1.5784518249807125e-30,-8.228817577360601e-33,7.601234824393345e-33,-1.076003767447806e-31,4.703838997583611e-31,2.075658231993339e-24,4.0311702598412185e-25,4.880898396215154e-22,1.234445609758304e-22,3.9353885987304216e-23,2.8805618608324337e-24,-2.948714090576512e-38,9.30770972051606e-38,9.606517695934008e-39,-4.463150797074601e-38,1.9880609081952858e-38,-4.844552794814849e-38,-7.826405951555606e-40,5.050496846443541e-38,6.5259756673211945e-37,-2.85733578263951e-36,-4.2830681754670594e-39,1.0179008128701068e-38,-9.525864091584108e-38,5.4037928165465336e-39,-1.9171181828979285e-39,-3.57985391637173e-40,1.351234949839133e-37,3.0923268559122326e-38,7.854707604791483e-13,9.738938104893184e-13,-1.1305328699304968,-0.4770532327002011,-1.3056674454626178,0.5336542047314494
1353.5,-0.08408563584089279,0.2591394782066345,-0.9447804689407349,-0.1800583153963089,0.0003669657453428954,-0.006853796076029539,0.0005242312327027321,-0.003784242318943143,0.07427077250448409,0.9250457267435455,2.725680393861237e-32,1.580151339978557e-30,-8.365085113021904e-33,7.355192878174515e-33,-1.0420453217470668e-31,4.784755373754849e-31,2.2862740786441752e-24,4.359342329481705e-25,4.848567481680205e-22,1.168657079440865e-22,3.9066675266512365e-23,2.645257760318436e-24,-2.8684460695409495e-38,9.466149456645202e-38,9.243217994401016e-39,-4.47353778293403e-38,1.944124210239723e-38,-4.992618818271625e-38,-6.5807566810016115e-40,5.178204289198704e-38,6.2352576951999424e-37,-2.8693375210117876e-36,-4.2378973917523896e-39,1.1023768616655326e-38,-9.52591252655716e-38,5.4753342766727126e-39,-1.9737784522436957e-39,-3.5442353198218157e-40,1.374919148012412e-37,2.995645541632619e-38,7.849001646193344e-13,9.731547357494615e-13,-1.1321878749679095,-0.4870054506622546,-1.3037477384499163,0.5486407955759836
1354.5,-0.07829078286886215,0.25110724568367004,-0.9495487213134766,-0.16854611039161682,0.0003373925283085555,-0.006873978767544031,0.0004918844788335264,-0.0038831138517707586,0.06923166093487317,0.9300658859997278,3.1125628518322087e-32,1.5818245763036027e-30,-8.440967022606414e-33,7.175889592910423e-33,-1.003276460104025e-31,4.8700953857919555e-31,2.5249494014682096e-24,4.690977627543884e-25,4.8140380752174555e-22,1.1037257214766783e-22,3.877928908820644e-23,2.4154975804694494e-24,-2.7580010083567873e-38,9.651068753185763e-38,8.853906621594743e-39,-4.4980454677825183e-38,1.8726110617949007e-38,-5.153020883874094e-38,-5.049072362569605e-40,5.30265631109395e-38,5.942423495951558e-37,-2.880516517989713e-36,-4.2325159200908426e-39,1.1896112634832572e-38,-9.526151678791071e-38,5.555851945518623e-39,-2.0155644525595603e-39,-3.451627379238839e-40,1.3999824504748554e-37,2.884759502980959e-38,7.843133555572544e-13,9.720676710793798e-13,-1.134119389667828,-0.4969331049525478,-1.3015288497134208,0.5636730871930189
1355.5,-0.07265226542949677,0.2429346740245819,-0.9541279077529907,-0.1569664031267166,0.0003085183270741254,-0.006884410977363586,0.0004662306746467948,-0.003980867099016905,0.06434309781353131,0.9350145807375406,3.4991851982898363e-32,1.583323745248457e-30,-8.505116152676008e-33,6.966386553779833e-33,-9.683860090885573e-32,4.958407086029875e-31,2.75997927418273e-24,4.968143374368547e-25,4.778320510395283e-22,1.0388286106447494e-22,3.8494122925601815e-23,2.1841747576184882e-24,-2.67512983283752e-38,9.842757480365733e-38,8.557228685185393e-39,-4.5368510654094296e-38,1.8194068640112382e-38,-5.305904327063434e-38,-2.960413320801094e-40,5.425941663021583e-38,5.64529984232966e-37,-2.8912377876431128e-36,-4.2126784173451785e-39,1.278021008399164e-38,-9.525402150570502e-38,5.628734282172612e-39,-2.0628406096186386e-39,-3.3984377276085743e-40,1.4259959417792619e-37,2.7858167651930515e-38,7.835637197178996e-13,9.708438658153701e-13,-1.1361418534492236,-0.5068661672027998,-1.298968832819241,0.5786613016237013
1356.5,-0.06725876778364182,0.2346789389848709,-0.9584039449691772,-0.14521391689777374,0.00028113843291066587,-0.006881949957460165,0.000428285711677745,-0.004076347220689058,0.05964538652087406,0.9396420034285898,3.8914289359456867e-32,1.5849839081318216e-30,-8.562808929629308e-33,6.817161920117893e-33,-9.297491011650319e-32,5.051561997348112e-31,3.0155882499775272e-24,5.156789170460295e-25,4.740539407649457e-22,9.7512139839381e-23,3.820055543404972e-23,1.9657997258419657e-24,-2.5782913884652975e-38,1.0045232840171638e-37,8.242040217964822e-39,-4.569374697869394e-38,1.7540895160775804e-38,-5.475862330424123e-38,-1.4472622527590126e-40,5.554470308456188e-38,5.346179219745413e-37,-2.901030866262253e-36,-4.144039930155804e-39,1.375290829811981e-38,-9.526369560739427e-38,5.711568440213472e-39,-2.1137289454378743e-39,-3.322171562398807e-40,1.4534627077874035e-37,2.675743005124416e-38,7.829844252888266e-13,9.692136146199087e-13,-1.1386483895503932,-0.5166656296429085,-1.2961881212409878,0.5936259458170479
1357.5,-0.06203361600637436,0.2263069450855255,-0.9624892473220825,-0.13344871997833252,0.0002670341345947236,-0.006880882196128368,0.0003789407783187926,-0.004231092520058155,0.055110420755795406,0.9442121578145111,4.279942415606062e-32,1.586345233551371e-30,-8.685991651920401e-33,6.621136946605587e-33,-8.912662499687477e-32,5.149278093214445e-31,3.187753217973384e-24,5.225318532871779e-25,4.701429976289898e-22,9.122747186661197e-23,3.791692642133332e-23,1.7423462881869172e-24,-2.4867823091896694e-38,1.0257174597943435e-37,7.878647132789204e-39,-4.6078269008679266e-38,1.69891695476697e-38,-5.649351857075362e-38,-3.9522030061963606e-41,5.681606941527044e-38,5.046569228905659e-37,-2.910244899954184e-36,-3.971656660467174e-39,1.4419612794709232e-38,-9.526191945303405e-38,5.787944071873528e-39,-2.1696816182383597e-39,-3.247366230553207e-40,1.4823467135756538e-37,2.566091758582237e-38,7.821192361708504e-13,9.674224436358722e-13,-1.141151297113687,-0.5264529717561381,-1.293006626826204,0.6084927655166169
1358.5,-0.05697505921125412,0.2177537977695465,-0.9663702249526978,-0.12137998640537262,0.00024871682398952544,-0.006845199503004551,0.0003112040867563337,-0.004355661105364561,0.05070979243148093,0.9486235814065446,4.6820499042810047e-32,1.5878283305319438e-30,-8.781883554988046e-33,6.474833406515956e-33,-8.510465138209536e-32,5.252928140927653e-31,3.3794308775478924e-24,5.543795388601676e-25,4.659575595767854e-22,8.493851653890621e-23,3.762157470886847e-23,1.5062706192544413e-24,-2.384495158052651e-38,1.0503422391799852e-37,7.465641141756508e-39,-4.6602142016144755e-38,1.637931271652468e-38,-5.843200089272333e-38,2.0287607884508402e-40,5.804126007787526e-38,4.7401273216522094e-37,-2.9185659674810208e-36,-3.9010587467570775e-39,1.517073435183042e-38,-9.527516333078652e-38,5.8747425687424806e-39,-2.1959915044013038e-39,-3.1124680600049213e-40,1.5130393450020629e-37,2.451629598334139e-38,7.813882262904292e-13,9.652012150202027e-13,-1.1440993365920331,-0.5362362846279233,-1.2895904701526417,0.6235649180065419
1359.5,-0.052148353308439255,0.2091197520494461,-0.9699634313583374,-0.10934609174728394,0.0002227458026027307,-0.006847771815955639,0.00028423056937754154,-0.004452763590961695,0.046497463044539604,0.952805533843459,5.074109985667946e-32,1.589163780873711e-30,-8.839177905807952e-33,6.221443807818175e-33,-8.06683378326715e-32,5.361607205724054e-31,3.701681882875555e-24,5.551787029170617e-25,4.616371306842554e-22,7.883268773216992e-23,3.7327626929711405e-23,1.332631685177346e-24,-2.268712197182948e-38,1.0736398749661098e-37,7.076623625350068e-39,-4.691983313629446e-38,1.5610499057587393e-38,-6.044417385780444e-38,4.431926624047529e-40,5.921840297141342e-38,4.435995175296881e-37,-2.9260918954405228e-36,-3.7706849010642386e-39,1.6395498196627313e-38,-9.526305198918027e-38,5.95837542281486e-39,-2.243855324228279e-39,-3.075098034357262e-40,1.5453474082115886e-37,2.3246987637941125e-38,7.805197413940596e-13,9.627165385733411e-13,-1.1471539584941155,-0.5459265796637331,-1.285776865923593,0.6383961237075942
1360.5,-0.04749421775341034,0.2003103792667389,-0.9733445644378662,-0.09712899476289749,0.00020905406563542783,-0.006825623568147421,0.0002138089475920424,-0.004558762069791555,0.042426581602689535,0.9568545107702655,5.471735976320176e-32,1.590345039112635e-30,-8.93566396569105e-33,6.108249718043639e-33,-7.66639189773171e-32,5.476602633512475e-31,3.9607616101905676e-24,5.741335053885887e-25,4.570760907837764e-22,7.267061871267426e-23,3.7017280883805034e-23,1.098017251596473e-24,-2.1791356988644442e-38,1.1015181912664006e-37,6.757493112307612e-39,-4.758361778595938e-38,1.5033858654168375e-38,-6.256823598284874e-38,6.885528705126622e-40,6.056853787231033e-38,4.123564312602088e-37,-2.932770528850825e-36,-3.6524081164669664e-39,1.7362875230911758e-38,-9.526218997686827e-38,6.041596801403006e-39,-2.292254220703267e-39,-2.912424501782313e-40,1.5795622305778766e-37,2.2108948253496445e-38,7.795127510907046e-13,9.598340735459495e-13,-1.1504456680544148,-0.5556346827064008,-1.2815973573008554,0.6533024842654582
1361.5,-0.04306715726852417,0.1914806216955185,-0.9764739274978638,-0.0848718211054802,0.000169064209330827,-0.006809947080910206,0.00015123163757380098,-0.004656518809497356,0.03856601248204573,0.9607262631392954,5.869443689254175e-32,1.5915365501242636e-30,-8.991474546041354e-33,5.940536587184763e-33,-7.211835007753042e-32,5.598350222583044e-31,4.208413783876294e-24,5.721604056181889e-25,4.523335380522804e-22,6.669103038498804e-23,3.674019968632305e-23,8.617837859510197e-25,-2.061160910528331e-38,1.1309792075176421e-37,6.349382998481845e-39,-4.823842887780285e-38,1.4262233080598112e-38,-6.485943956559339e-38,8.740806808913849e-40,6.165619425648389e-38,3.81372178756907e-37,-2.9384980757893688e-36,-3.491983022616527e-39,1.8290247961792083e-38,-9.526093143900929e-38,6.133313386130579e-39,-2.3271919926421367e-39,-2.7563761432168868e-40,1.6159332495950978e-37,2.0811185749126413e-38,7.785272346401612e-13,9.565962777526542e-13,-1.1539790262366447,-0.5651845882212523,-1.277184616418681,0.6680857411909065
1362.5,-0.038823291659355164,0.18249861896038055,-0.9793698787689209,-0.07247375696897507,0.00017795039457269013,-0.006774452514946461,7.831741095287725e-05,-0.004786498378962278,0.034858918770933715,0.9644407215893976,6.268300571310648e-32,1.5927059659925377e-30,-9.087084533067747e-33,5.7833081693751134e-33,-6.739498309579608e-32,5.7275177690457335e-31,4.431632897808844e-24,5.823482239193275e-25,4.473607840565069e-22,6.078232720354331e-23,3.6452127810871285e-23,6.770427613702125e-25,-1.946410680379791e-38,1.1627164353411274e-37,6.000295352769574e-39,-4.913162523307662e-38,1.3463814806951684e-38,-6.71400551762377e-38,1.101316299981871e-39,6.288648490628233e-38,3.500981053547687e-37,-2.9433426732325072e-36,-3.305333684453803e-39,1.912263329025788e-38,-9.527150855452071e-38,6.225551532129729e-39,-2.3772606463007028e-39,-2.6609788091308715e-40,1.6545052370936305e-37,1.945953619439002e-38,7.775319182548804e-13,9.53000969754068e-13,-1.157818956383,-0.5747316901846877,-1.2724899365258902,0.6828725719447695
1363.5,-0.0347166433930397,0.17322199046611786,-0.9820573329925537,-0.059709563851356506,0.00016150645387824625,-0.006717641372233629,1.599224742676597e-05,-0.004878813400864601,0.0312562560994639,0.9680256403757191,6.680419433285466e-32,1.5937998726485106e-30,-9.130959738407345e-33,5.685256246421056e-33,-6.237856532980821e-32,5.866578505711067e-31,4.69677052691399e-24,5.622222748378435e-25,4.420688216106519e-22,5.484921267236495e-23,3.614764271218678e-23,4.719639641596211e-25,-1.8244166922059312e-38,1.1964746932637453e-37,5.5297372506226596e-39,-4.98414577212913e-38,1.2714433730983393e-38,-6.980602682584808e-38,1.3518271388985416e-39,6.407036178448999e-38,3.179696738084715e-37,-2.947292215995087e-36,-3.040075458237742e-39,2.011073085308221e-38,-9.527842336262452e-38,6.31928074974982e-39,-2.4335198813894814e-39,-2.4692288251196096e-40,1.6961387129968264e-37,1.8023384618923226e-38,7.764799152594026e-13,9.49009561590167e-13,-1.1619890005521334,-0.584401912562108,-1.2673581754937295,0.6979439277040016
1364.5,-0.030896147713065147,0.16395041346549988,-0.9844313859939575,-0.047089800238609314,0.00017267902148887515,-0.006684260908514261,-7.913894660305232e-05,-0.005015195347368717,0.02787901918095346,0.9713477614638414,7.081242180440576e-32,1.5945812271310544e-30,-9.228430756449183e-33,5.3783375564915966e-33,-5.723225576772219e-32,6.012995634820174e-31,5.0315638499931725e-24,5.902510018253091e-25,4.36562490581035e-22,4.910247177356905e-23,3.5849183401686075e-23,2.7342090858560983e-25,-1.700001666058016e-38,1.233131397043926e-37,5.106821917338308e-39,-5.075116773511256e-38,1.1893182864616742e-38,-7.256199794147483e-38,1.6093932262583337e-39,6.521919395344101e-38,2.861306832405127e-37,-2.9498564234969943e-36,-2.9039005789432672e-39,2.14037724748516e-38,-9.52714640801509e-38,6.408645635196861e-39,-2.466361221105379e-39,-2.390321926288405e-40,1.7401396149320172e-37,1.65509617705839e-38,7.751319637845813e-13,9.444020329740284e-13,-1.1661688746512027,-0.5938559968142416,-1.2617890044891145,0.7126308813988221
1365.5,-0.027183813974261284,0.1543937474489212,-0.986640453338623,-0.03404458239674568,0.00015740259550511837,-0.006611828692257404,-0.00015623882063664496,-0.005109496880322695,0.02462013004774134,0.9746445491237516,7.496031291629565e-32,1.5955250223552324e-30,-9.264346851020569e-33,5.2985405396223066e-33,-5.208953360613e-32,6.172373933158731e-31,5.3271033247450315e-24,5.633483857213318e-25,4.306797561878958e-22,4.324895815057467e-23,3.556172385241037e-23,7.275985557561983e-26,-1.5746002741727997e-38,1.273240432251108e-37,4.706522216866276e-39,-5.178098325398309e-38,1.1039485900338006e-38,-7.554304922017515e-38,1.9480216726578325e-39,6.634836493225928e-38,2.531103428388663e-37,-2.9513747040170565e-36,-2.589776783107922e-39,2.251074874300271e-38,-9.526971513754764e-38,6.508264555895884e-39,-2.4990611858859366e-39,-2.1874447049929133e-40,1.7880233511599664e-37,1.5077550716780104e-38,7.739606137464469e-13,9.39312956172585e-13,-1.1708297237656224,-0.6034602316879301,-1.2559521587290305,0.7276805363912336
1366.5,-0.02375471405684948,0.14487719535827637,-0.9885420799255371,-0.02117646485567093,0.00015263019304256886,-0.00655553862452507,-0.00025423668557778,-0.005223632790148258,0.021596686557436327,0.977691237423109,7.900129601225918e-32,1.5962112885006346e-30,-9.35643951880388e-33,5.1064605581061825e-33,-4.6705807238910335e-32,6.3433467901250855e-31,5.6298124080536206e-24,5.464889862120276e-25,4.246104921786711e-22,3.762733789658692e-23,3.526369513199187e-23,-1.123962383478752e-25,-1.440571836268178e-38,1.3161588514722162e-37,4.220000241071591e-39,-5.287078765046495e-38,1.0185719105684038e-38,-7.874513357264363e-38,2.2868081653234454e-39,6.749146749498849e-38,2.20627885323819e-37,-2.9516241632846873e-36,-2.2872091464999377e-39,2.363017975336062e-38,-9.526410367281658e-38,6.600414104889734e-39,-2.5359526331268875e-39,-1.9966817095495678e-40,1.839507305641558e-37,1.3534292223468675e-38,7.725482806240805e-13,9.33713065246486e-13,-1.1755209641672673,-0.6128469969971155,-1.2497648341811867,0.7423368684542665
1367.5,-0.020497629418969154,0.1350523680448532,-0.9901729822158813,-0.007882924750447273,0.0001848900137702003,-0.006461509503424168,-0.00037198650534264743,-0.005363009870052338,0.01870108021569991,0.9805335754617398,8.318932707888149e-32,1.596886378134983e-30,-9.42836074390121e-33,4.919021169634384e-33,-4.048738898682122e-32,6.5294188223777145e-31,5.9289379913389e-24,5.310913204199556e-25,4.1807653195104095e-22,3.2063528379745383e-23,3.495101584827991e-23,-3.0515060926656814e-25,-1.2858054082653585e-38,1.364083976313446e-37,3.7407416076862805e-39,-5.420509196714675e-38,9.117319000054841e-39,-8.220326447959419e-38,2.6237040600242438e-39,6.852015292923404e-38,1.8748606467610078e-37,-2.950401142584397e-36,-1.9123603806032884e-39,2.478380333696135e-38,-9.527411462686205e-38,6.704494747962796e-39,-2.5773152331735585e-39,-1.852122523216175e-40,1.8956327169676756e-37,1.1739376815964099e-38,7.711459818922291e-13,9.274226321264698e-13,-1.1806984762020516,-0.6223427847492053,-1.243142141080919,0.757328252493075
1368.5,-0.017421904951334,0.12501205503940582,-0.9915726184844971,0.0056128473952412605,0.00020865538681391627,-0.006355212535709143,-0.0004936213954351842,-0.005478286184370518,0.015971968940753225,0.9832780170656842,8.738382719586127e-32,1.5973779197087952e-30,-9.475080963929355e-33,4.767521149425797e-33,-3.393293401356667e-32,6.731282267934192e-31,6.2593824294904146e-24,5.138894894492183e-25,4.111450761025276e-22,2.6530320064934936e-23,3.465082934728409e-23,-4.942494048800485e-25,-1.1258524816890404e-38,1.4161652438318267e-37,3.2047910238940005e-39,-5.553596244975374e-38,8.053736322304388e-39,-8.60805852974662e-38,2.9755500743687276e-39,6.960612814999053e-38,1.5379042313166405e-37,-2.9476538518771468e-36,-1.5448362933149652e-39,2.602679966545406e-38,-9.527263158780749e-38,6.808628604187065e-39,-2.602834026880301e-39,-1.6481882193781077e-40,1.956605607898027e-37,9.846673052515858e-39,7.695817500954491e-13,9.204371130048512e-13,-1.186081883319635,-0.6318805027385503,-1.2360497151363623,0.7723621250764895
1369.5,-0.014598858542740345,0.11481955647468567,-0.9926437139511108,0.019255390390753746,0.00023657348356209695,-0.006263005547225475,-0.0005902093835175037,-0.005588236730545759,0.013435938425292176,0.9857438896426282,9.159838634455163e-32,1.5979168217982067e-30,-9.506916472187138e-33,4.566215753211232e-33,-2.690627071904898e-32,6.947642952163203e-31,6.626772925158878e-24,4.814120385059519e-25,4.0384584096555064e-22,2.1139692914600684e-23,3.434092501315043e-23,-6.870023081167433e-25,-9.506945663506611e-39,1.4734537705513721e-37,2.6809383437630493e-39,-5.729214528755419e-38,6.826011372588317e-39,-9.005316441885426e-38,3.219188565893485e-39,7.069052907097177e-38,1.1993213958868468e-37,-2.9433478473284375e-36,-1.1495228774020127e-39,2.738096811038415e-38,-9.527665323831613e-38,6.913273867845259e-39,-2.6466213528701523e-39,-1.5315309373796612e-40,2.0220829877153843e-37,7.809671541362153e-39,7.680788961634648e-13,9.127688307213576e-13,-1.1918730593241376,-0.6413611455588699,-1.2286253003452308,0.7873563331086331
1370.5,-0.01199441310018301,0.10453421622514725,-0.9934613704681396,0.03304027393460274,0.0002754703746177256,-0.006155391689389944,-0.0007389347883872688,-0.005734729114919901,0.011109233038200784,0.9880905874567507,9.586674570341286e-32,1.598295177685789e-30,-9.597461336151515e-33,4.290770567555664e-33,-1.9801269122093713e-32,7.184821666259918e-31,7.012334769525648e-24,4.513258744324211e-25,3.9612245258068463e-22,1.5798520053506808e-23,3.404298309789758e-23,-8.723691769870037e-25,-7.686775337283915e-39,1.535679659184393e-37,2.061044410424103e-39,-5.8978295908943e-38,5.6257313203483704e-39,-9.458966874773466e-38,3.697873695832966e-39,7.165770840240574e-38,8.565110501915562e-38,-2.9372536982871742e-36,-6.7371880419521516e-40,2.882539527775768e-38,-9.52900069361998e-38,7.022917701740616e-39,-2.6635878852281384e-39,-1.3422324804645422e-40,2.0939702179875196e-37,5.752494435450847e-39,7.664403414236977e-13,9.042888765920449e-13,-1.1978926998144768,-0.650765747114534,-1.2208254901808318,0.8023558329965054
1371.5,-0.009563492611050606,0.0936611145734787,-0.9939762353897095,0.04741474986076355,0.00034765753662213683,-0.0059952805750072,-0.0008952962816692889,-0.00585591048002243,0.008899929029003752,0.99027200826684,1.0023117002945257e-31,1.5983783678273543e-30,-9.607237583690903e-33,4.1332959948158616e-33,-1.1272454142567914e-32,7.450858349452559e-31,7.37695849598939e-24,4.34555877206846e-25,3.8758397938831564e-22,1.0503992362200482e-23,3.372851541208416e-23,-1.0627053863167958e-24,-5.515132998048039e-39,1.607029921932198e-37,1.3787830709424889e-39,-6.106994936466689e-38,4.1363501899262855e-39,-9.963305630060972e-38,4.071387661896855e-39,7.255029143076921e-38,5.03551347745293e-38,-2.928542346069044e-36,-2.196026088085861e-40,3.0170393118329556e-38,-9.528968955141682e-38,7.132239896956802e-39,-2.6969798162865327e-39,-1.183489731778901e-40,2.174663586127002e-37,3.268861961326563e-39,7.645418361747187e-13,8.945114487555012e-13,-1.2043357035963327,-0.6605138573441091,-1.2121957730624422,0.8178028942207989
1372.5,-0.007403490599244833,0.08262107521295547,-0.9941368103027344,0.0620301179587841,0.0004153420450165868,-0.005800818558782339,-0.001082296366803348,-0.005978773348033428,0.006914875747364224,0.9921926502290482,1.0465368006491446e-31,1.5983767996580615e-30,-9.629055448821026e-33,3.995233380703796e-33,-2.3332088775604963e-33,7.740669780983062e-31,7.726186302654798e-24,3.8108002876931673e-25,3.785146144980673e-22,5.298425204443287e-24,3.3419610490207216e-23,-1.2461552402298907e-24,-3.329934325412115e-39,1.6845174582427655e-37,6.730474179127832e-40,-6.322331223399635e-38,2.656886736044564e-39,-1.0522843528247093e-37,4.443410971423657e-39,7.347747964361522e-38,1.4550954614023359e-38,-2.91766204898017e-36,4.291345611922276e-40,3.1457593385597223e-38,-9.530127006919346e-38,7.249598757279533e-39,-2.7153518157905116e-39,-9.000524781206482e-41,2.262667889525819e-37,6.630375295314993e-40,7.625839158236904e-13,8.837634416388689e-13,-1.2111867626865562,-0.6702108062034412,-1.2031062994981514,0.8333005604754308
