set,id,f_ED,f_MD,f_EQ,f_MQ,T,R
P0550_hfam,h200,0.672619184698546,0.0010521419832054,0.3261525134675225,0.0001761598507259,0.7873507030455822,0.212656892822403
P0550_hfam,h202.5,0.6649614182565114,0.0010512536298628,0.3338010237466862,0.0001863043669396,0.8133376032780986,0.186670345933094
P0550_hfam,h205,0.6534810240745622,0.0014097530630274,0.3449128000844125,0.0001964227779978,0.8392816050873809,0.1607274312004913
P0550_hfam,h207.5,0.6396473611642547,0.0020400493176335,0.3581060953237114,0.0002064941944002,0.8646329104810262,0.1353774778945785
P0550_hfam,h210,0.6245229302103354,0.0029023973158801,0.372358129818127,0.0002165426556572,0.8888206466941087,0.1111913391626065
P0550_hfam,h212.5,0.6089290406759701,0.0039816738730782,0.3868626908158681,0.0002265946350834,0.9112532462486088,0.0887601585628578
P0550_hfam,h215,0.5935134443408762,0.0052752011580738,0.4009746544483344,0.0002367000527156,0.9313440039195392,0.0686697470002895
P0550_hfam,h216.25,0.5860367694693679,0.0060033759909313,0.407718059989564,0.0002417945501367,0.9403349861331728,0.059679495160478
P0550_hfam,h217.5,0.5787847839868655,0.0067869931103235,0.4141813020323504,0.0002469208704605,0.9485341767783853,0.0514809241396125
P0550_hfam,h218.75,0.5718010766974265,0.0076268084743599,0.4203200215662147,0.0002520932619986,0.9558834983711096,0.0441337445627236
P0550_hfam,h220,0.5651188844130963,0.0085240640808028,0.4260997342197833,0.0002573172863172,0.9623243172017814,0.0376933493861829
P0550_hfam,h221.25,0.5587665048429713,0.0094797556795125,0.4314911351195051,0.0002626043580112,0.9678114450852058,0.0322073777499667
P0550_hfam,h222.5,0.5527646241948838,0.010495276541885,0.4364721295523564,0.0002679697108748,0.9723031401366884,0.0277165358228461
P0550_hfam,h223.75,0.547127921030689,0.0115716949492103,0.4410269734175539,0.0002734106025467,0.9757679465431608,0.0242532319444459
P0550_hfam,h225,0.5418602591378229,0.0127103330507785,0.4451504753618232,0.0002789324495752,0.978182035701966,0.0218408413249769
P0550_hfam,h226.25,0.5369631098621651,0.0139126466030488,0.4488396851593833,0.0002845583754027,0.979530119518664,0.0204938814228318
P0550_hfam,h227.5,0.5324335525253517,0.0151799689816933,0.4520962007076713,0.0002902777852836,0.979808680078767,0.0202173834303862
P0550_hfam,h228.75,0.5282603115368047,0.0165139282463887,0.4549296536509611,0.0002961065658454,0.979019172443676,0.0210065907470586
P0550_hfam,h230,0.5244294201409696,0.0179160573995667,0.4573524772457824,0.0003020452136811,0.9771808477848118,0.0228486800423581
P0550_hfam,h231.25,0.5209236621014177,0.0193882952599904,0.4593799415383933,0.0003081011001983,0.97431048844185,0.0257207017841878
P0550_hfam,h232.5,0.5177242871232693,0.0209324949767359,0.4610289443429628,0.0003142735570318,0.9704380060726971,0.0295921164187122
P0550_hfam,h233.75,0.5148091097186812,0.0225507690757883,0.4623195610489891,0.0003205601565412,0.9656081007988494,0.0344250686064706
P0550_hfam,h235,0.5121510217890335,0.024245367803873,0.4632766293236972,0.0003269810833963,0.9598594881497506,0.0401748837282888
P0550_hfam,h236.25,0.5097264870560682,0.0260189133906623,0.4639210837502657,0.0003335158030037,0.953247916430995,0.0467903702780195
P0550_hfam,h237.5,0.507509189649129,0.0278739409891412,0.4642766873629155,0.0003401819988143,0.9458208669774476,0.0542163813759944
P0550_hfam,h238.75,0.5054720297954071,0.0298134431544942,0.4643675532399693,0.0003469738101294,0.9376445789803084,0.062394324578664
P0550_hfam,h240,0.503588052924249,0.0318403629449954,0.4642176943103878,0.0003538898203678,0.9287805689538928,0.0712623606446178
P0550_hfam,h242.5,0.5001777977504166,0.0361708206419496,0.4632832918271789,0.0003680897804548,0.9092317243233172,0.090812044177904
P0550_hfam,h245,0.4970727597202144,0.0408956053898938,0.4616488385407871,0.0003827963491046,0.887692319171006,0.1123563148429524
P0550_hfam,h247.5,0.4940819258144934,0.0460491720318808,0.4594709112801915,0.0003979908734343,0.864655035855991,0.1353971443039548
P0550_hfam,h250,0.4910321140192766,0.0516709788845586,0.4568832254432187,0.000413681652946,0.840579600361566,0.1594744220965609
P0550_hfam,h252.5,0.4877634752881896,0.0578043668265264,0.4540022767585283,0.0004298811267557,0.8158793492372662,0.1841791479212138
P0550_hfam,h255,0.4841362399833316,0.0644984880019886,0.4509186765375139,0.0004465954771657,0.7909001248999821,0.2091581204356915
P0550_hfam,h257.5,0.4800215263042197,0.0718077510221955,0.4477068355206307,0.0004638871529539,0.7659320863142941,0.2341281482920318
P0550_hfam,h260,0.4753067028070624,0.0797910736023192,0.4444204281204357,0.0004817954701827,0.7411982076402907,0.258866783028824
P0550_hfam,h262.5,0.4698890331726794,0.0885140469103296,0.4410964621302893,0.0005004577867014,0.7168572386470399,0.2832095442038509
P0550_hfam,h265,0.4636769291246392,0.0980482898186531,0.4377547293495544,0.0005200517071532,0.693015159899745,0.3070520115260911
P0550_hfam,h267.5,0.4565850615736299,0.1084712892686757,0.4344027394175508,0.0005409097401435,0.6697222514479186,0.3303459477660735
P0550_hfam,h270,0.4485382591995159,0.1198667663011486,0.4310312882789628,0.0005636862203726,0.6469790159933335,0.3530901128699528
P0550_hfam,h272.5,0.4394686536792856,0.1323295126428227,0.4276120148471621,0.0005898188307296,0.6247396117365405,0.3753293989344007
P0550_hfam,h275,0.429330754201894,0.1459662339520476,0.4240798279189585,0.0006231839270997,0.6028978858295816,0.397171173778112
P0550_hfam,h277.5,0.4181616695675018,0.1609212134825337,0.4202392971202786,0.0006778198296859,0.58127905453698,0.4187847816341865
P0550_hfam,h280,0.406638679296708,0.1775238673803069,0.4149968660574994,0.0008405872654856,0.5595775034661989,0.4404804890622974
P0550_hfam,h282.5,0.4022126693626414,0.1985580787011513,0.3972366604616075,0.0019925914745995,0.5395247828940104,0.460468686875544
P0550_hfam,h285,0.3730204978679853,0.2206671408170055,0.4052937672031718,0.0010185941118373,0.5172919736703695,0.4827643946392171
P0550_hfam,h287.5,0.3549894731042413,0.2459101077079872,0.3983589382107099,0.0007414809770617,0.498291943794586,0.501787712722475
P0550_hfam,h290,0.3438452784602219,0.257278492507475,0.3981389290495054,0.0007372999827975,0.4759735693435198,0.5240887957280885
P0550_hfam,h292.5,0.3248858172205019,0.2805774746262411,0.3937716036385202,0.0007651045147366,0.4513855970961048,0.5486702074576406
P0550_hfam,h295,0.3045141001716117,0.3063928534247491,0.3882963099964464,0.0007967364071927,0.4252505332010377,0.5747964766605337
P0550_hfam,h297.5,0.2829971150239024,0.3341771330437989,0.3819936880922222,0.0008320638400764,0.3968474499020258,0.6031958318509508
P0550_hfam,h300,0.2604613203726765,0.3638332017851353,0.3748342042016525,0.0008712736405356,0.3654292592966051,0.6346020701467392
P0750_lam,l1300,0.546552386541969,0.1127405993597494,0.2406188278551186,0.1000881862431627,0.1250913024532907,0.8747957588189952
P0750_lam,l1301,0.5476941366709215,0.1073242165727682,0.2422725307305426,0.1027091160257677,0.1181194836689205,0.881764811220605
P0750_lam,l1302,0.5492506965168082,0.1016618356745518,0.243450739114983,0.1056367286936568,0.1113923655704525,0.8883884785211826
P0750_lam,l1303,0.5509506504742384,0.0961369746061059,0.244194673122306,0.1087177017973495,0.1052437783011513,0.8946799570256495
P0750_lam,l1304,0.5528971925416631,0.090480287080835,0.2444720753727193,0.1121504450047825,0.0993393761177772,0.9004729547159303
P0750_lam,l1305,0.5551264821987305,0.084920837549998,0.2440918984249227,0.1158607818263486,0.0940774317921889,0.9058652444276056
P0750_lam,l1306,0.5574714774230765,0.0795601144536776,0.2431541070950008,0.119814301028245,0.0892156282509246,0.91049011652107
P0750_lam,l1307,0.5601450349086357,0.0743202787639937,0.2412774508484731,0.1242572354788975,0.0850586743683162,0.9148859531075016
P0750_lam,l1308,0.5629967172353729,0.0694113393797943,0.2385277484785676,0.129064194906265,0.0814294906345612,0.9185116279179152
P0750_lam,l1309,0.5660037825680331,0.0649732784701125,0.2346614427696991,0.1343614961921553,0.0784714847769784,0.9212625782583664
P0750_lam,l1310,0.5690414720196548,0.0613046873293337,0.2295502202824236,0.1401036203685878,0.0763065016383209,0.923616130175253
P0750_lam,l1311,0.5720190610660261,0.0586526750896271,0.2229056431950147,0.1464226206493322,0.0748696883102281,0.9249769810587164
P0750_lam,l1312,0.5746543632119984,0.0573580148174067,0.2148186366181938,0.153168985352401,0.0743775531986361,0.9255143375855638
P0750_lam,l1313,0.5768625618479962,0.0580360124180352,0.204353285530778,0.1607481402031905,0.0748748543945291,0.924932718904927
P0750_lam,l1314,0.5780209579813586,0.0612914198464978,0.1919996263015224,0.168687995870621,0.0763958716245047,0.9235373805948814
P0750_lam,l1315,0.5775853535054805,0.068128148865153,0.1771232098228738,0.1771632878064927,0.0791061194784048,0.920784888343624
P0750_lam,l1316,0.5746941278749982,0.0797883764977675,0.1595596952089329,0.1859578004183013,0.0832217375258606,0.9166145815027094
P0750_lam,l1317,0.5683100407604913,0.0976018184105637,0.1393263130303793,0.1947618277985655,0.0888180125029355,0.9110267642509742
P0750_lam,l1318,0.5571062620864572,0.1229712420951194,0.1169550761129657,0.2029674197054577,0.0961527656084478,0.9036195460894144
P0750_lam,l1319,0.5391963240119153,0.1579504081263696,0.092883667210899,0.2099696006508159,0.1055443607023373,0.8944226352747029
P0750_lam,l1320,0.5132077553299125,0.203364758834935,0.0688471581915579,0.2145803276435945,0.1173724203816328,0.8827020385896285
P0750_lam,l1321,0.4769243775758531,0.2608217248353319,0.0466695403790176,0.2155843572097973,0.1324322230573651,0.8674216110558914
P0750_lam,l1322,0.4309306901074251,0.3273210736699868,0.0301021876206223,0.2116460486019658,0.1511176896174522,0.8488698237390516
P0750_lam,l1323,0.3760985902290677,0.399780864837038,0.0223219753332612,0.201798569600633,0.1750165325021127,0.824950154659029
P0750_lam,l1324,0.3157677747863514,0.4721227955008663,0.0260879908679338,0.1860214388448484,0.2059726906953094,0.7938727230008622
P0750_lam,l1325,0.2550731126034234,0.537236583376605,0.0424482771040345,0.1652420269159371,0.2467258434318752,0.7526574133326438
P0750_lam,l1326,0.1991807627613704,0.5891739298852667,0.070137156004249,0.1415081513491139,0.302475336402175,0.6967958565678529
P0750_lam,l1327,0.1521533286612139,0.6246294539787555,0.1061317236033734,0.117085493756657,0.3804714850396223,0.6186617787435831
P0750_lam,l1328,0.1157760087252324,0.6435135676039877,0.146822200475474,0.0938882231953058,0.4899478081491796,0.5095299479128403
P0750_lam,l1328.2,0.1099176310198628,0.6454439454411897,0.1550571262662198,0.0895812972727276,0.5152498161121806,0.4845786136789461
P0750_lam,l1328.4,0.1044908156913161,0.6468395527898617,0.1632850075840394,0.0853846239347826,0.540733473918642,0.4575770446952525
P0750_lam,l1328.6,0.0992303478682894,0.6477215462070992,0.171875225550709,0.0811728803739022,0.5675378464221457,0.4315194783460843
P0750_lam,l1328.8,0.094771238582531,0.6480381160289826,0.1798358261513932,0.0773548192370931,0.5908284079213731,0.4081265085747336
P0750_lam,l1329,0.0905567883612063,0.6479383011683426,0.187968242649285,0.0735366678211659,0.6128858456970798,0.3856139879816129
P0750_lam,l1329.2,0.0865883036334806,0.6473951666819968,0.1962466285036649,0.0697699011808574,0.6311369579545206,0.3668010431404869
P0750_lam,l1329.4,0.0831305153673314,0.6464171281049231,0.2042005529714095,0.0662518035563359,0.6420195558272407,0.3556166059999323
P0750_lam,l1329.6,0.0799359780848617,0.6450594464320143,0.2121847378986777,0.0628198375844462,0.6450117662701413,0.353603856200142
P0750_lam,l1329.8,0.0770827187798388,0.6433432388420678,0.2200986201900085,0.0594754221880849,0.6357504426046655,0.3610105261667402
P0750_lam,l1330,0.0745915497750026,0.6413268356858463,0.2277226708189683,0.0563589437201828,0.6150824525184737,0.3828065865257435
P0750_lam,l1330.2,0.072370066487536,0.6389894321775627,0.2353101553306364,0.0533303460042649,0.5808890105177189,0.4168649619117816
P0750_lam,l1330.4,0.0704145545417967,0.6363634797591139,0.2428026286496508,0.0504193370494385,0.5349534195703961,0.4644139144839409
P0750_lam,l1330.6,0.0687288765844598,0.6334447702756303,0.2501911386716265,0.0476352144682832,0.4778687411833256,0.519028425689258
P0750_lam,l1330.8,0.0672852783764053,0.6303065712487401,0.2574765515856336,0.0449315987892208,0.4167366707249545,0.5813729624687001
P0750_lam,l1331,0.0661281298478093,0.627051776025861,0.2643763304988719,0.0424437636274578,0.3555559419114077,0.6426406854054004
P0750_lam,l1331.2,0.0651593667314759,0.6236561528234258,0.2711006085688617,0.0400838718762366,0.2975102982676013,0.7012669747247896
P0750_lam,l1331.4,0.0643904783355627,0.6199775954311784,0.2778576373388184,0.0377742888944403,0.2424553125743885,0.7572988363067638
P0750_lam,l1331.6,0.0638349600501931,0.6162143335851002,0.2843281207566952,0.0356225856080114,0.1946202976716084,0.8041248140974122
P0750_lam,l1331.8,0.0634389508738896,0.6122136670097641,0.2908262763963661,0.03352110571998,0.1524899670938866,0.8456928404775373
P0750_lam,l1332,0.0632202566109294,0.60818856392174,0.2970372100756153,0.0315539693917151,0.1186146130844751,0.8795567132364115
P0750_lam,l1332.2,0.0631461558887175,0.6040424351931624,0.3031179116682655,0.0296934972498545,0.0906795845798267,0.9076935691748996
P0750_lam,l1332.4,0.063226807136405,0.5996899235356719,0.3092070209787783,0.0278762483491448,0.06804745169907,0.9309628839397324
P0750_lam,l1332.6,0.0634176860276985,0.5954477728832537,0.3149236076341729,0.0262109334548749,0.0511283601930869,0.9484721561849389
P0750_lam,l1332.8,0.0637098332461111,0.5912754861108689,0.3203097377898489,0.0247049428531711,0.0382476879875987,0.961928925562378
P0750_lam,l1333,0.0641605364590406,0.5868118152538062,0.3258377706137301,0.0231898776734228,0.0280830481245862,0.9713231274227732
P0750_lam,l1333.2,0.0647091384654283,0.5821915628908522,0.3313890902457546,0.0217102083979647,0.0206918725817703,0.9785456501755784
P0750_lam,l1333.4,0.0652906488918882,0.5780353773812755,0.3362127379516262,0.0204612357752099,0.0160708776118139,0.9836791912570236
P0750_lam,l1333.6,0.0660384109493492,0.5732869844058391,0.3415418809134219,0.0191327237313896,0.0127383396872343,0.9869273231049293
P0750_lam,l1333.8,0.0668347162913047,0.5687592474357288,0.3464734016543588,0.0179326346186076,0.0111391162686732,0.9878794807909204
P0750_lam,l1334,0.0676678394483223,0.5644010231975144,0.3510985943267993,0.0168325430273638,0.0107657925369858,0.9883654531108188
P0750_lam,l1334.2,0.0685631128029764,0.5599538641244687,0.3556916428598302,0.0157913802127245,0.0112759945355629,0.9885492052828514
P0750_lam,l1334.4,0.0695477057341948,0.5554285544797826,0.3602386462906665,0.0147850934953561,0.0125655536521842,0.9869602549578912
P0750_lam,l1334.6,0.0705254045223569,0.5511286155070184,0.3644628186574579,0.0138831613131665,0.0144229199380393,0.9852243716213184
P0750_lam,l1334.8,0.071627366257714,0.5464966221797163,0.3689075873473311,0.0129684242152385,0.0169992030515481,0.9827752772886328
P0750_lam,l1335,0.0727046530339189,0.542248013588309,0.3728798539704736,0.0121674794072986,0.0197470942955043,0.9801915671534748
P0750_lam,l1335.2,0.0738571541556043,0.5377773849940043,0.3769815832369643,0.011383877613427,0.0230326221653207,0.9767054692574508
P0750_lam,l1335.4,0.0749951750751482,0.5335368953944409,0.3807998441017222,0.0106680854286884,0.0263708823788049,0.9735671189346378
P0750_lam,l1335.6,0.0762236753164156,0.5291561108996918,0.3846432489827804,0.0099769648011122,0.0301086256778232,0.969548935970995
P0750_lam,l1335.8,0.0774048027879588,0.5249795968906046,0.388262244018544,0.0093533563028925,0.0338771934009513,0.9661679077626588
P0750_lam,l1336,0.0786619079015374,0.5206980341173497,0.3918860353303753,0.0087540226507374,0.0379557498934472,0.9615886711910958
P0750_lam,l1336.2,0.0799343002449224,0.5164302930313299,0.3954516760326309,0.0081837306911166,0.0421095110562834,0.957696315369277
P0750_lam,l1336.4,0.0812194940250945,0.5122400381130522,0.3988770492380696,0.0076634186237836,0.0463821269141182,0.953419017656928
P0750_lam,l1336.6,0.082537517422384,0.5080461195220201,0.4022477063663063,0.0071686566892895,0.0506950832882882,0.948921997361339
P0750_lam,l1336.8,0.0837533823689383,0.5041881427199321,0.4053180692704094,0.0067404056407201,0.054863816247041,0.9447458634501926
P0750_lam,l1337,0.085026522183125,0.5002477831124359,0.408396122264124,0.006329572440315,0.0592170424656768,0.94038082338283
P0750_lam,l1337.2,0.0863762072317078,0.4961398093584668,0.4115534800564453,0.0059305033533799,0.0638463084005372,0.9358236247998684
P0750_lam,l1337.4,0.0876669632789911,0.4922716172011852,0.4144890358838839,0.0055723836359395,0.0682038347351207,0.9315500021694646
P0750_lam,l1337.6,0.088983325964014,0.4883581612269246,0.4174236672258273,0.0052348455832339,0.0727523299192287,0.9270983664765112
P0750_lam,l1337.8,0.0902929060306286,0.4845602636285145,0.420220657681128,0.0049261726597287,0.0771866721021669,0.9225325368389652
P0750_lam,l1338,0.0915654133303827,0.4808584851512932,0.4229290453089362,0.0046470562093874,0.0816287214040552,0.9181388895967216
P0750_lam,l1338.2,0.092885984463047,0.477080498561036,0.4256485971764197,0.0043849197994971,0.0863053233055325,0.9135434413726576
P0750_lam,l1338.4,0.0941832184725743,0.4734286750924255,0.4282425957167143,0.0041455107182859,0.0907395713328755,0.908998432113385
P0750_lam,l1338.6,0.0954655718707507,0.4698510139753115,0.4307546266628394,0.0039287874910984,0.0952482835692516,0.9047096983742188
P0750_lam,l1338.8,0.0967035867937929,0.4663973733766067,0.4331656168792737,0.0037334229503266,0.099574268626327,0.9001392724756795
P0750_lam,l1339,0.0979758791482305,0.4629064480625186,0.4355610558238625,0.0035566169653881,0.1041283167981731,0.8954927523445955
P0750_lam,l1339.2,0.0993033288548041,0.4593203993330637,0.4379916350474088,0.0033846367647234,0.1087589815278041,0.8910793482502275
P0750_lam,l1339.4,0.100546370775133,0.4559522809089403,0.4402600882426603,0.0032412600732662,0.1132668672021595,0.8867992208305023
P0750_lam,l1339.6,0.1017889944568836,0.4526159319368716,0.4424826415551617,0.0031124320510831,0.117719090462087,0.8822744964730405
P0750_lam,l1339.8,0.1030070649858962,0.449387458253726,0.4446069609856901,0.0029985157746876,0.1221291992590923,0.8778281186366927
P0750_lam,l1340,0.1042650722855342,0.4460693071377352,0.4467705187768927,0.0028951017998377,0.1266986938942419,0.873160527797981
P0750_lam,l1341,0.110308084042887,0.4304472068199015,0.4566725138381831,0.0025721952990282,0.1492695956390304,0.8505581691159219
P0750_lam,l1342,0.115954343169676,0.4162358285812503,0.4653087058284136,0.00250112242066,0.1712374919704505,0.828694153436276
P0750_lam,l1343,0.1213325146454804,0.4030130562814146,0.4730325083356465,0.0026219207374584,0.1933629007427361,0.8064383820468451
P0750_lam,l1344,0.1264299384613912,0.3908109588729517,0.4798767433329762,0.0028823593326807,0.2154588699896808,0.7844421275407544
P0750_lam,l1345,0.1312697980388587,0.3795539670090578,0.4859264054124299,0.0032498295396534,0.2374626059821786,0.7625680028196348
P0750_lam,l1346,0.1357562869433049,0.3693174049008836,0.4912365714681568,0.0036897366876545,0.2592178769538764,0.7406526504059985
P0750_lam,l1347,0.1400143304517966,0.359954759261799,0.4958509762218068,0.0041799340645974,0.2809223018385416,0.7189811459398261
P0750_lam,l1348,0.1440951140200041,0.3513150916976687,0.4998743997642233,0.0047153945181038,0.3026294014756326,0.6971370963015593
P0750_lam,l1349,0.1478924272161997,0.3435855134269368,0.5032599861104186,0.0052620732464449,0.324262132479154,0.6756602592667911
P0750_lam,l1350,0.1515029057862165,0.3366470660885946,0.5060286982472547,0.0058213298779343,0.3458856779985209,0.6541466216976908
P0750_lam,l1351,0.154966643574904,0.3303863168302658,0.508258512171693,0.0063885274231371,0.3670690074134036,0.6328041680005445
P0750_lam,l1352,0.1583037933876201,0.3248899801168474,0.5098506326377377,0.0069555938577948,0.3884724716853037,0.6113438219614642
P0750_lam,l1353,0.1614819791406543,0.3201195843348801,0.5108873129713508,0.0075111235531149,0.4096078706567757,0.5902756835112649
P0750_lam,l1354,0.1644275775589901,0.3163143818091191,0.5112158565843321,0.0080421840475585,0.4305583676606778,0.5694418157280706
P0750_lam,l1355,0.1672724008032611,0.3133151688070702,0.5108612102578929,0.0085512201317757,0.4514011986735894,0.5485824218596332
P0750_lam,l1356,0.1699536421378586,0.3111394389181928,0.5098659774745244,0.0090409414694241,0.4720037930433963,0.5279294539660716
P0750_lam,l1357,0.1725228573895521,0.3100169911556162,0.5079492822052127,0.0095108692496188,0.492068940161343,0.5078559627050852
P0750_lam,l1358,0.1749352905735984,0.309921397120157,0.5052031549646645,0.0099401573415799,0.5125081728381811,0.4874187303359934
P0750_lam,l1359,0.1770653284747179,0.3111166276310711,0.5014941673719855,0.0103238765222254,0.5323083451825479,0.4676162273041218
P0750_lam,l1360,0.1789914296992402,0.3139000855215152,0.4964307279470344,0.0106777568322101,0.5521376825494476,0.4477755040800499
stageA_lam0,P0550_H0150_seed011,0.6973428987041668,0.2503979428658631,0.0238770820009266,0.0283820764290434,,
stageA_lam0,P0550_H0150_seed029,0.9181587548309198,0.0412346254372055,0.0351090115252274,0.0054976082066472,,
stageA_lam0,P0550_H0250_seed011,0.4909973008535742,0.051649499316454,0.4569394410942263,0.0004137587357454,,
stageA_lam0,P0550_H0250_seed029,0.0466911630362632,0.6233946850426861,0.3293021799710309,0.0006119719500197,,
stageA_lam0,P0550_H0350_seed011,0.0342591183846242,0.633546164284213,0.3283895837875943,0.0038051335435684,,
stageA_lam0,P0550_H0350_seed029,0.0661626697375879,0.5861659782326138,0.3396753441317158,0.0079960078980823,,
stageA_lam0,P0650_H0150_seed011,0.9734750924754274,0.0003107155177001,0.0221324581556147,0.0040817338512575,,
stageA_lam0,P0650_H0150_seed029,0.9593920557850072,0.0200473919866664,0.0192828029754505,0.0012777492528757,,
stageA_lam0,P0650_H0250_seed011,0.3117082074075342,0.4269821715855057,0.2541831077582723,0.0071265132486879,,
stageA_lam0,P0650_H0250_seed029,0.269280096601568,0.4155181531105686,0.3047561591035602,0.0104455911843031,,
stageA_lam0,P0650_H0350_seed011,0.0067134203636757,0.6757367958711424,0.3140203765500124,0.0035294072151692,,
stageA_lam0,P0650_H0350_seed029,0.5313647413200608,0.1371546726791225,0.0331057903305585,0.2983747956702581,,
stageA_lam0,P0750_H0150_seed011,0.8749562520537375,0.009742963355639,0.1061500507296599,0.0091507338609636,,
stageA_lam0,P0750_H0150_seed029,0.8859179525882873,0.0063822238121458,0.1016884093817869,0.0060114142177799,,
stageA_lam0,P0750_H0250_seed011,0.063283270859942,0.5976116447654165,0.312053465146125,0.0270516192285163,,
stageA_lam0,P0750_H0250_seed029,0.3331128233275405,0.4299349909817204,0.2297580906633574,0.0071940950273815,,
stageA_lam0,P0750_H0350_seed011,0.6085184289269392,0.0380026445016932,0.262877280870649,0.0906016457007186,,
stageA_lam0,P0750_H0350_seed029,0.408437284062613,0.1438080459095554,0.376385367404628,0.0713693026232036,,
