order,lam_nm,f_t_re,f_t_im,f_r_re,f_r_im,f_T,f_R,b_t_re,b_t_im,b_r_re,b_r_im,b_T,b_R
11,1329.0,-0.7145235538482666,0.20647640526294708,0.181077241897583,-0.45422160625457764,0.6321439738030703,0.3614592503552443,-0.7142298817634583,0.2068302482366562,-0.4945564866065979,-0.04798072576522827,0.6148931863023622,0.38290723374458574
11,1329.5,-0.5668298602104187,0.34159553050994873,-0.10183313488960266,-0.6411678194999695,0.5015078785964818,0.4944822405791864,-0.5663748383522034,0.34165051579475403,-0.5688598155975342,-0.1364881694316864,0.5103992752104308,0.48770858141370343
11,1330.0,-0.3837392032146454,0.38531309366226196,-0.420908659696579,-0.6678935885429382,0.3413134914200646,0.6563396141435931,-0.38367918133735657,0.3851577043533325,-0.6718966364860535,-0.1743442416191101,0.3710309701938208,0.6281003311805924
11,1330.5,-0.22423653304576874,0.3481982946395874,-0.6808358430862427,-0.5670817494392395,0.2021932975540672,0.7951934727724438,-0.2242915779352188,0.34806331992149353,-0.7682808041572571,-0.16222289204597473,0.24236841279018811,0.756720971498579
11,1331.0,-0.11654102057218552,0.2717287540435791,-0.8457103967666626,-0.4139508605003357,0.1077322978338805,0.8884051207987698,-0.11633820831775665,0.27177879214286804,-0.8374884724617004,-0.12242895364761353,0.15064981003867794,0.8477819235687553
11,1331.5,-0.05106169357895851,0.18580596148967743,-0.9380717277526855,-0.25569501519203186,0.05103449062557959,0.947597860636986,-0.05121487379074097,0.1859038919210434,-0.8823533654212952,-0.07314157485961914,0.0926000230608426,0.907061454785831
11,1332.0,-0.018306640908122063,0.10800140351057053,-0.978271484375,-0.11920148879289627,0.022248456504468276,0.9777771898299145,-0.01870374009013176,0.10816904902458191,-0.9071475863456726,-0.025717616081237793,0.060524604211139546,0.9396002905207059
11,1332.5,-0.0054114083759486675,0.039356034249067307,-0.9888013601303101,-0.001350844744592905,0.009592972275739083,0.9901268278183353,-0.005548920948058367,0.03934058919548988,-0.9194179177284241,0.0178852379322052,0.0441215177669001,0.9557852000878251
11,1333.0,-0.004292228724807501,-0.018885038793087006,-0.9823951721191406,0.09547077119350433,0.007244318687863788,0.992519525992308,-0.004335169214755297,-0.01888630911707878,-0.9237302541732788,0.05643570423126221,0.03795860000968081,0.961946843028532
11,1333.5,-0.010029307566583157,-0.06732642650604248,-0.9667969942092896,0.17433130741119385,0.010822581427413575,0.9890041870481258,-0.01006911788135767,-0.06729055196046829,-0.9229278564453125,0.08967810869216919,0.038249896182044926,0.9615769610500371
11,1334.0,-0.02070591226220131,-0.10959117114543915,-0.9451327323913574,0.24269452691078186,0.018255907034536403,0.9812158939451462,-0.02060297317802906,-0.10963151603937149,-0.9187546372413635,0.11981064081192017,0.04258181649721602,0.9570704479830585
11,1334.5,-0.03294092416763306,-0.14408236742019653,-0.9222549200057983,0.2973483204841614,0.027438503910099995,0.9723954753785939,-0.03293857350945473,-0.14414580166339874,-0.9128848314285278,0.14528988301753998,0.04930095979521833,0.9506140269910737
11,1335.0,-0.04772146791219711,-0.1750464141368866,-0.8965548276901245,0.346479594707489,0.0383790334514601,0.9611536956913059,-0.04760453850030899,-0.17499257624149323,-0.905174970626831,0.16892606019973755,0.057924914424677176,0.9418337298740584
11,1335.5,-0.06319449841976166,-0.2021230310201645,-0.8706039190292358,0.3880279064178467,0.05020201510468094,0.9493729675000491,-0.06319587677717209,-0.20219029486179352,-0.8963849544525146,0.19045071303844452,0.06786614612365999,0.9320316592315001
11,1336.0,-0.07847647368907928,-0.22443416714668274,-0.8460919857025146,0.42284369468688965,0.06185224475751942,0.9382928354341067,-0.07843215018510818,-0.22446554899215698,-0.8875654935836792,0.20880939066410065,0.077929826025255,0.9221312096011721
11,1336.5,-0.09445013850927353,-0.24461625516414642,-0.8208591938018799,0.45354190468788147,0.07397924584858358,0.9256587374827208,-0.09451580792665482,-0.24458080530166626,-0.8778735399246216,0.22615884244441986,0.08861831210656833,0.911270710773275
11,1337.0,-0.11063533276319504,-0.2624131441116333,-0.7962996959686279,0.48097896575927734,0.08627785243938275,0.9137474084774296,-0.11059975624084473,-0.26241210103034973,-0.8679856061935425,0.2419600486755371,0.09968964194602827,0.9002676645302704
11,1337.5,-0.12638914585113525,-0.27781111001968384,-0.7726668119430542,0.5043990015983582,0.09821767959031431,0.9016161299952676,-0.12649251520633698,-0.2778570353984833,-0.8580323457717896,0.25630491971969604,0.11066940392357037,0.8891971427567533
11,1338.0,-0.14247241616249084,-0.2918756604194641,-0.7490819692611694,0.525866687297821,0.1104543032485244,0.889400949310343,-0.14255696535110474,-0.2918444275856018,-0.8477960228919983,0.26989907026290894,0.12196547660607802,0.8779499394817896
13,1329.0,-0.43665459752082825,0.3766475021839142,-0.39801010489463806,-0.5998951196670532,0.4138894401065909,0.5815672362522529,-0.4372527599334717,0.3764171898365021,-0.6234771013259888,-0.1636560559272766,0.41835025658161684,0.580369136763089
13,1329.5,-0.26948443055152893,0.3582184612751007,-0.6612238883972168,-0.5204135775566101,0.2590984599170536,0.7375289810669983,-0.2695873975753784,0.3579775094985962,-0.7270888686180115,-0.16752472519874573,0.28289488750511116,0.716121837159812
13,1330.0,-0.15037821233272552,0.2899794578552246,-0.8348091840744019,-0.3783010244369507,0.14764429105401305,0.8517125861921443,-0.1502448469400406,0.29035210609436035,-0.8067761063575745,-0.135158509016037,0.18075889737129058,0.8185428447365335
13,1330.5,-0.07908085733652115,0.21060054004192352,-0.928179144859314,-0.23060069978237152,0.07906767324519587,0.9196736511836474,-0.07946735620498657,0.21073973178863525,-0.8583307266235352,-0.09057942032814026,0.11597883394065736,0.883313053012829
13,1331.0,-0.037985075265169144,0.13047544658184052,-0.9743345975875854,-0.08999525755643845,0.03872511008171088,0.9618373934739176,-0.03833266347646713,0.1306028813123703,-0.8914980292320251,-0.042204320430755615,0.0755075675725621,0.9247432663133895
13,1331.5,-0.02070319838821888,0.060026440769433975,-0.9859731197357178,0.027217470109462738,0.018856608291794103,0.9797943011595505,-0.02063608728349209,0.06003478169441223,-0.9089592099189758,0.002996593713760376,0.054001046235893996,0.9455921024669633
13,1332.0,-0.01682506874203682,0.0005677223089151084,-0.9803215265274048,0.1235189214348793,0.011865530066039295,0.9868508143729633,-0.01684192754328251,0.0005474642384797335,-0.9167920351028442,0.04303750395774841,0.04437302263938094,0.954793976218046
13,1332.5,-0.020544925704598427,-0.05192151293158531,-0.9643161296844482,0.20735156536102295,0.012404217582749623,0.9876865709955089,-0.02072417549788952,-0.05163823440670967,-0.9190971255302429,0.07961368560791016,0.04238144050609807,0.9575809279882188
13,1333.0,-0.029865270480513573,-0.09442248195409775,-0.9426007270812988,0.2738558053970337,0.01764369861899931,0.9822629921961136,-0.029663829132914543,-0.09426848590373993,-0.9167583584785461,0.11079782247543335,0.045129507040444286,0.9546466283588168
13,1333.5,-0.042025528848171234,-0.1305425763130188,-0.9182311296463013,0.32874932885169983,0.025660193286629232,0.9737063442800205,-0.04192731902003288,-0.13068537414073944,-0.9120360612869263,0.13816674053668976,0.05102085549113564,0.948847363935713
13,1334.0,-0.05597594380378723,-0.16244174540042877,-0.892328143119812,0.37736839056015015,0.035677415119849856,0.9645837201147512,-0.05593563988804817,-0.16249091923236847,-0.9055585265159607,0.1633722335100174,0.05886670766809306,0.9412876662800395
13,1334.5,-0.07078560441732407,-0.18834716081619263,-0.8661600351333618,0.4173756241798401,0.046196074198456144,0.9530632617877124,-0.07089003175497055,-0.18833069503307343,-0.8979697227478027,0.1846136450767517,0.06760623986690338,0.9320275514779843
13,1335.0,-0.08743642270565033,-0.21373127400875092,-0.8388147354125977,0.4543503224849701,0.058701347692242334,0.9414908056123481,-0.08734465390443802,-0.2137002795934677,-0.8889009952545166,0.20619869232177734,0.07827999560550833,0.9216248390101391
13,1335.5,-0.10250536352396011,-0.2325654923915863,-0.8146250247955322,0.48231250047683716,0.0697364845823972,0.9297926984177074,-0.10246496647596359,-0.23263594508171082,-0.8803460001945496,0.22295166552066803,0.08800622029689305,0.9115871655384906
13,1336.0,-0.1195288822054863,-0.2517465353012085,-0.7878847122192383,0.5103877186775208,0.0825961147220255,0.916922258091225,-0.11943281441926956,-0.2519545257091522,-0.8703480958938599,0.24072203040122986,0.09951435638597192,0.9002187449726026
13,1336.5,-0.13485687971115112,-0.26678478717803955,-0.7640891075134277,0.5327925086021423,0.09413764254733932,0.9049745766095052,-0.13502193987369537,-0.2666451334953308,-0.8611118197441101,0.25561240315437317,0.1099183464480567,0.8897566180827655
13,1337.0,-0.15127360820770264,-0.28091639280319214,-0.7401435375213623,0.5535988211631775,0.10649588530635969,0.8929613902091522,-0.15128207206726074,-0.28089872002601624,-0.8509957194328308,0.26975566148757935,0.12126621948065563,0.8782379765852382
13,1337.5,-0.16759157180786133,-0.2939997613430023,-0.7160769701004028,0.5726341009140015,0.11911236035506684,0.8806685759620045,-0.16759169101715088,-0.29414039850234985,-0.840735137462616,0.2835908532142639,0.13314070320695778,0.866906420236444
13,1338.0,-0.1829228401184082,-0.3045351803302765,-0.6940782070159912,0.5881718993186951,0.13072779600259662,0.8686389796803864,-0.18302249908447266,-0.3043699562549591,-0.8308905959129333,0.29549047350883484,0.14387680478849707,0.8559065612820103
15,1329.0,-0.2728602886199951,0.35359206795692444,-0.6832433938980103,-0.46586284041404724,0.27502392426334266,0.7258701282491872,-0.2729604244232178,0.3530007302761078,-0.717623233795166,-0.16400852799415588,0.2879099873856008,0.7124075891179587
15,1329.5,-0.1568467617034912,0.2875175178050995,-0.8439480066299438,-0.3245374858379364,0.1608945764516989,0.8376265031520334,-0.15698713064193726,0.28626349568367004,-0.7975872159004211,-0.13391751050949097,0.18619054878997954,0.8119864988519284
15,1330.0,-0.08718584477901459,0.20840226113796234,-0.9300256967544556,-0.18324817717075348,0.09040146811596463,0.9086831926851139,-0.08703687787055969,0.20808491110801697,-0.8505488634109497,-0.08920979499816895,0.12201414572887725,0.8781777734505785
15,1330.5,-0.04869375750422478,0.13431361317634583,-0.9696657657623291,-0.053507912904024124,0.04905888966770869,0.9497417913942473,-0.048533979803323746,0.13418543338775635,-0.8832166194915771,-0.044879257678985596,0.08264098927420262,0.9166712249332161
15,1331.0,-0.030106576159596443,0.06335252523422241,-0.9803062677383423,0.06189718842506409,0.026402099148816645,0.9715786438950605,-0.030418338254094124,0.06306460499763489,-0.9026868343353271,0.0016506314277648926,0.05954826297668793,0.9400308218551529
15,1331.5,-0.02488686516880989,0.0032241414301097393,-0.9740207195281982,0.15876594185829163,0.016914603118499648,0.9827849150334266,-0.024740133434534073,0.0029995765071362257,-0.9129484295845032,0.042539745569229126,0.04872078640472207,0.9512182941589622
15,1332.0,-0.029389016330242157,-0.049324046820402145,-0.9551217555999756,0.2413281351327896,0.01638611717291121,0.9820720611311999,-0.029570696875452995,-0.04919128492474556,-0.9157673120498657,0.07964928448200226,0.04609204500862533,0.9532682118549525
15,1332.5,-0.037602394819259644,-0.09048537164926529,-0.9345426559448242,0.30253076553344727,0.02047144068422986,0.9793794851318192,-0.03754560276865959,-0.09021347016096115,-0.9145013093948364,0.11025682091712952,0.04818536141110035,0.9516163838498484
15,1333.0,-0.05030902102589607,-0.12702398002147675,-0.9083682298660278,0.3582499623298645,0.02812293115753063,0.9706836204780533,-0.05056275054812431,-0.1268215924501419,-0.9097740054130554,0.13862375915050507,0.054082175470059946,0.9456341670326238
15,1333.5,-0.06514566391706467,-0.16004528105258942,-0.8803306818008423,0.4073788523674011,0.03792938009582142,0.9612956508471618,-0.06527320295572281,-0.1602151095867157,-0.9037252068519592,0.16535794734954834,0.06211100131864192,0.9375199411057533
15,1334.0,-0.07991203665733337,-0.18588347733020782,-0.8545335531234741,0.4449255168437958,0.048386296447285565,0.9507725948218332,-0.07957873493432999,-0.18552128970623016,-0.8965574502944946,0.18700748682022095,0.07051852649614072,0.9288024308024724
15,1334.5,-0.0954585149884224,-0.20922315120697021,-0.8277651071548462,0.4796772599220276,0.05960875188499638,0.9402381400693445,-0.09536634385585785,-0.209013894200325,-0.8884454965591431,0.20773769915103912,0.08051172837342829,0.9193930178484034
15,1335.0,-0.11099441349506378,-0.2288157343864441,-0.8020366430282593,0.5081573128700256,0.07081029936869314,0.9286871248385613,-0.111338309943676,-0.22898298501968384,-0.879608690738678,0.2259749174118042,0.09048394650315865,0.9089423645254202
15,1335.5,-0.12742693722248077,-0.24641434848308563,-0.775813102722168,0.534767746925354,0.0827811026744148,0.9166146998608727,-0.12748698890209198,-0.24664293229579926,-0.8707289099693298,0.24317090213298798,0.10108827674478944,0.8986002768105046
15,1336.0,-0.14505863189697266,-0.2632993161678314,-0.7497913837432861,0.5585023760795593,0.09616621749611971,0.9040416212857537,-0.14511890709400177,-0.26332569122314453,-0.8603217601776123,0.2597031593322754,0.11317590871112992,0.8867332149128551
15,1336.5,-0.1618044227361679,-0.27746450901031494,-0.7246297597885132,0.5786725282669067,0.1088473269920462,0.8909483853868843,-0.16151121258735657,-0.2773417532444,-0.8502171039581299,0.2747815251350403,0.12471152195914235,0.8752252514908428
15,1337.0,-0.17714905738830566,-0.2892249822616577,-0.7016570568084717,0.5959768891334534,0.12052036302703126,0.8798400130197622,-0.17719291150569916,-0.2890959680080414,-0.8406672477722168,0.2878549098968506,0.13547122066687803,0.864405890716883
15,1337.5,-0.1928255707025528,-0.2999974191188812,-0.6793850660324097,0.6104139089584351,0.1326081413519641,0.867389508295074,-0.19276203215122223,-0.299865186214447,-0.8305115699768066,0.3002963066101074,0.14684941179613478,0.8531387366876064
15,1338.0,-0.20908334851264954,-0.30952298641204834,-0.6554086208343506,0.6254104375839233,0.1447656158018733,0.854895848272369,-0.20922720432281494,-0.3096490800380707,-0.8200175762176514,0.3126389980316162,0.1585048896459523,0.8413624289533601
