tag,variant,theta,R_cross,R_co,T_tot,A
rectangle,real,0.0,0.22882746160030365,0.4465973973274231,0.10261896997690201,0.22195613384246826
rectangle,real,5.0,0.23062491416931152,0.44341862201690674,0.10285186767578125,0.22310450673103333
rectangle,real,10.0,0.2359386384487152,0.43244773149490356,0.10410097986459732,0.22751256823539734
rectangle,real,15.0,0.24375887215137482,0.4122847318649292,0.10735777020454407,0.23659861087799072
rectangle,real,20.0,0.2547713816165924,0.38243579864501953,0.11557067930698395,0.2472221404314041
rectangle,real,25.0,0.2666170001029968,0.34093937277793884,0.1318410485982895,0.26060253381729126
rectangle,real,30.0,0.27561846375465393,0.2890092134475708,0.16098660230636597,0.2743856906890869
rectangle,real,35.0,0.2801632285118103,0.22879573702812195,0.2026403397321701,0.2884005904197693
rectangle,real,40.0,0.27670180797576904,0.16821324825286865,0.25503379106521606,0.30005109310150146
rectangle,real,45.0,0.2685168981552124,0.11531630903482437,0.3092961609363556,0.3068706691265106
rectangle,real,50.0,0.2593027651309967,0.07559452950954437,0.3554769456386566,0.30962568521499634
rectangle,real,55.0,0.25601905584335327,0.048919204622507095,0.38677236437797546,0.30828937888145447
rectangle,real,60.0,0.2654668688774109,0.03213491290807724,0.3997601568698883,0.30263808369636536
rectangle,real,65.0,0.29280656576156616,0.021493732929229736,0.3944453299045563,0.29125434160232544
rectangle,real,70.0,0.3447488844394684,0.014316538348793983,0.37019383907318115,0.2707407474517822
rectangle,real,75.0,0.42833954095840454,0.008864233270287514,0.3250633180141449,0.23773279786109924
rectangle,real,80.0,0.555225133895874,0.004585503600537777,0.2543717324733734,0.18581756949424744
rectangle,real,85.0,0.7396258115768433,0.0014177178964018822,0.15032298862934113,0.10863345116376877
rectangle,lossless,0.0,0.32505711913108826,0.5405063629150391,0.13439679145812988,3.9643142372369766e-05
rectangle,lossless,5.0,0.32796090841293335,0.5370115637779236,0.13487116992473602,0.0001562724355608225
rectangle,lossless,10.0,0.3362085223197937,0.5255436897277832,0.1381039023399353,0.00014384921814780682
rectangle,lossless,15.0,0.3513821065425873,0.5053590536117554,0.14449453353881836,-0.0012357841478660703
rectangle,lossless,20.0,0.3695322573184967,0.47171932458877563,0.15875068306922913,-2.3795291781425476e-06
rectangle,lossless,25.0,0.390571653842926,0.4238779842853546,0.1853959560394287,0.00015432201325893402
rectangle,lossless,30.0,0.4132990539073944,0.3591749668121338,0.227340966463089,0.0001849830150604248
rectangle,lossless,35.0,0.4219614863395691,0.28463560342788696,0.29354918003082275,-0.00014640390872955322
rectangle,lossless,40.0,0.4210277795791626,0.20688125491142273,0.37206366658210754,2.7298927307128906e-05
rectangle,lossless,45.0,0.4044548273086548,0.14042317867279053,0.4551047682762146,1.7151236534118652e-05
rectangle,lossless,50.0,0.3834632933139801,0.09265275299549103,0.523871123790741,1.2800097465515137e-05
rectangle,lossless,55.0,0.36660993099212646,0.06253360956907272,0.5708463788032532,1.0028481483459473e-05
rectangle,lossless,60.0,0.363566517829895,0.04474741220474243,0.5916633605957031,2.275407314300537e-05
rectangle,lossless,65.0,0.3807049095630646,0.03336009383201599,0.5860140323638916,-7.911026477813721e-05
rectangle,lossless,70.0,0.42400091886520386,0.024601614102721214,0.5513343811035156,6.303191184997559e-05
rectangle,lossless,75.0,0.4983464181423187,0.016527535393834114,0.48516783118247986,-4.178285598754883e-05
rectangle,lossless,80.0,0.6122258305549622,0.009008955210447311,0.3787342607975006,3.091245889663696e-05
rectangle,lossless,85.0,0.7755600214004517,0.002832436468452215,0.221605122089386,2.294778823852539e-06
A_P239_H200_s11_wf,real,0.0,0.3135576844215393,0.11079780757427216,0.2891615629196167,0.28648293018341064
A_P239_H200_s11_wf,real,5.0,0.31717926263809204,0.10749860852956772,0.286844938993454,0.2884771227836609
A_P239_H200_s11_wf,real,10.0,0.32685387134552,0.0979803130030632,0.28044387698173523,0.2947218716144562
A_P239_H200_s11_wf,real,15.0,0.34214112162590027,0.08234953880310059,0.2710851728916168,0.3044241666793823
A_P239_H200_s11_wf,real,20.0,0.3587421178817749,0.0615832582116127,0.2624310553073883,0.3172435164451599
A_P239_H200_s11_wf,real,25.0,0.3711448311805725,0.03909917175769806,0.2589748501777649,0.33078110218048096
A_P239_H200_s11_wf,real,30.0,0.3730175495147705,0.019869312644004822,0.2649882733821869,0.342124879360199
A_P239_H200_s11_wf,real,35.0,0.3620991110801697,0.008750943467020988,0.28091850876808167,0.34823137521743774
A_P239_H200_s11_wf,real,40.0,0.341902494430542,0.007378618232905865,0.3021884560585022,0.3485303521156311
A_P239_H200_s11_wf,real,45.0,0.32129746675491333,0.013015075586736202,0.32229113578796387,0.34339627623558044
A_P239_H200_s11_wf,real,50.0,0.3078981041908264,0.02163839340209961,0.3353966474533081,0.33506685495376587
A_P239_H200_s11_wf,real,55.0,0.30803853273391724,0.029321866109967232,0.3387662172317505,0.3238734006881714
A_P239_H200_s11_wf,real,60.0,0.3251856565475464,0.033953942358493805,0.331335186958313,0.30952519178390503
A_P239_H200_s11_wf,real,65.0,0.3621034622192383,0.034407876431941986,0.31300076842308044,0.2904878258705139
A_P239_H200_s11_wf,real,70.0,0.42322009801864624,0.030570875853300095,0.28250473737716675,0.2637042999267578
A_P239_H200_s11_wf,real,75.0,0.5120298862457275,0.023099511861801147,0.23901601135730743,0.22585450112819672
A_P239_H200_s11_wf,real,80.0,0.6341719627380371,0.013430589810013771,0.18006767332553864,0.17232970893383026
A_P239_H200_s11_wf,real,85.0,0.7949988842010498,0.004317702259868383,0.10213996469974518,0.09854339063167572
A_P239_H200_s11_wf,lossless,0.0,0.48636773228645325,0.13137981295585632,0.38229966163635254,-4.7150999307632446e-05
A_P239_H200_s11_wf,lossless,5.0,0.4927830696105957,0.12883126735687256,0.37836509943008423,2.047792077064514e-05
A_P239_H200_s11_wf,lossless,10.0,0.5109754800796509,0.12115644663572311,0.36785757541656494,1.058727502822876e-05
A_P239_H200_s11_wf,lossless,15.0,0.5395590662956238,0.10774225741624832,0.3527364730834961,-3.771483898162842e-05
A_P239_H200_s11_wf,lossless,20.0,0.5712715983390808,0.09010155498981476,0.3386596441268921,-3.283470869064331e-05
A_P239_H200_s11_wf,lossless,25.0,0.5980924367904663,0.06924309581518173,0.33267927169799805,-1.4832137821940705e-05
A_P239_H200_s11_wf,lossless,30.0,0.6050253510475159,0.05075672268867493,0.344199538230896,1.8320046365261078e-05
A_P239_H200_s11_wf,lossless,35.0,0.5855902433395386,0.03912218660116196,0.3753114342689514,-2.3934990167617798e-05
A_P239_H200_s11_wf,lossless,40.0,0.54518723487854,0.03634023666381836,0.4184649586677551,7.525086402893066e-06
A_P239_H200_s11_wf,lossless,45.0,0.4994686543941498,0.039940908551216125,0.46059107780456543,-6.631016731262207e-07
A_P239_H200_s11_wf,lossless,50.0,0.4625757336616516,0.04591980576515198,0.49150586128234863,-1.3709068298339844e-06
A_P239_H200_s11_wf,lossless,55.0,0.44326454401016235,0.05037490278482437,0.5063852667808533,-2.4780631065368652e-05
A_P239_H200_s11_wf,lossless,60.0,0.44523078203201294,0.05143037438392639,0.5033486485481262,-9.804964065551758e-06
A_P239_H200_s11_wf,lossless,65.0,0.4705277681350708,0.04809382185339928,0.48143792152404785,-5.950033664703369e-05
A_P239_H200_s11_wf,lossless,70.0,0.521230936050415,0.04012930765748024,0.4386579692363739,-1.823902130126953e-05
A_P239_H200_s11_wf,lossless,75.0,0.5983798503875732,0.02870931848883629,0.37292930483818054,-1.8537044525146484e-05
A_P239_H200_s11_wf,lossless,80.0,0.7033689022064209,0.015837445855140686,0.28068140149116516,0.00011223554611206055
A_P239_H200_s11_wf,lossless,85.0,0.8372802734375,0.004831273108720779,0.1578211784362793,6.718188524246216e-05
B_P252_H185_s47_wf,real,0.0,0.38000786304473877,0.1783333122730255,0.20999155938625336,0.23166723549365997
B_P252_H185_s47_wf,real,5.0,0.3806271553039551,0.17859584093093872,0.20864158868789673,0.2321353256702423
B_P252_H185_s47_wf,real,10.0,0.38226842880249023,0.1793125867843628,0.20489661395549774,0.23352234065532684
B_P252_H185_s47_wf,real,15.0,0.38438689708709717,0.18058273196220398,0.19787782430648804,0.23715251684188843
B_P252_H185_s47_wf,real,20.0,0.3879905939102173,0.18192049860954285,0.18603748083114624,0.24405136704444885
B_P252_H185_s47_wf,real,25.0,0.3906916379928589,0.1851501762866974,0.17155969142913818,0.2525984048843384
B_P252_H185_s47_wf,real,30.0,0.3919500708580017,0.19053491950035095,0.15151900053024292,0.26599591970443726
B_P252_H185_s47_wf,real,35.0,0.3881787657737732,0.19971877336502075,0.12582306563854218,0.28627943992614746
B_P252_H185_s47_wf,real,40.0,0.3720467686653137,0.21511045098304749,0.09630536288022995,0.316537469625473
B_P252_H185_s47_wf,real,45.0,0.32911646366119385,0.23965197801589966,0.0709657371044159,0.3602657914161682
B_P252_H185_s47_wf,real,50.0,0.2436220645904541,0.26472342014312744,0.08414138853549957,0.4075131416320801
B_P252_H185_s47_wf,real,55.0,0.15591461956501007,0.24774587154388428,0.19077108800411224,0.4055684208869934
B_P252_H185_s47_wf,real,60.0,0.18628360331058502,0.16212177276611328,0.32993823289871216,0.32165634632110596
B_P252_H185_s47_wf,real,65.0,0.29946091771125793,0.07941465079784393,0.3820866048336029,0.23903778195381165
B_P252_H185_s47_wf,real,70.0,0.40701109170913696,0.033082593232393265,0.36896002292633057,0.19094619154930115
B_P252_H185_s47_wf,real,75.0,0.508315920829773,0.01161682978272438,0.3245566189289093,0.15551063418388367
B_P252_H185_s47_wf,real,80.0,0.6298030614852905,0.003158818231895566,0.251626580953598,0.11541145294904709
B_P252_H185_s47_wf,real,85.0,0.7908076047897339,0.0005497421370819211,0.1442919224500656,0.06435064971446991
B_P252_H185_s47_wf,lossless,0.0,0.5296342372894287,0.2008708119392395,0.269497811794281,-2.9907096177339554e-06
B_P252_H185_s47_wf,lossless,5.0,0.531620442867279,0.20068199932575226,0.26769715547561646,3.110617399215698e-07
B_P252_H185_s47_wf,lossless,10.0,0.5634992122650146,0.19032339751720428,0.24702730774879456,-0.0008498737588524818
B_P252_H185_s47_wf,lossless,15.0,0.5449042320251465,0.2008417248725891,0.25415727496147156,9.67513769865036e-05
B_P252_H185_s47_wf,lossless,20.0,0.5525305271148682,0.20351658761501312,0.2441324144601822,-0.00017963373102247715
B_P252_H185_s47_wf,lossless,25.0,0.5664729475975037,0.20664294064044952,0.22685346007347107,3.060116432607174e-05
B_P252_H185_s47_wf,lossless,30.0,0.5830114483833313,0.21439188718795776,0.20256353914737701,3.3095828257501125e-05
B_P252_H185_s47_wf,lossless,35.0,0.602733850479126,0.23073339462280273,0.16654479503631592,-1.210416667163372e-05
B_P252_H185_s47_wf,lossless,40.0,0.6168704032897949,0.2683604955673218,0.11481678485870361,-4.774206900037825e-05
B_P252_H185_s47_wf,lossless,45.0,0.597487211227417,0.3596574068069458,0.04284407198429108,1.1340307537466288e-05
B_P252_H185_s47_wf,lossless,50.0,0.4234415590763092,0.5661585927009583,0.010379583574831486,2.0175008103251457e-05
B_P252_H185_s47_wf,lossless,55.0,0.07623797655105591,0.6306807994842529,0.29319465160369873,-0.00011338479816913605
B_P252_H185_s47_wf,lossless,60.0,0.1919090896844864,0.3087182939052582,0.4994855225086212,-0.000112948939204216
B_P252_H185_s47_wf,lossless,65.0,0.37506401538848877,0.1371246576309204,0.48784512281417847,-3.381073474884033e-05
B_P252_H185_s47_wf,lossless,70.0,0.4757192134857178,0.06513633579015732,0.45916998386383057,-2.5577843189239502e-05
B_P252_H185_s47_wf,lossless,75.0,0.5398270487785339,0.029339946806430817,0.4308667480945587,-3.3736228942871094e-05
B_P252_H185_s47_wf,lossless,80.0,0.623322606086731,0.011027365922927856,0.3656599521636963,-9.939074516296387e-06
B_P252_H185_s47_wf,lossless,85.0,0.7722128033638,0.002659120596945286,0.22508077323436737,4.73707914352417e-05
