run,theta,phi,alpha,F,T,co,A
D2_P278_H230_cont55_D2_P278_H230_cont30_D2_P278_,0.0,0.0,0.0,0.5180667042732239,0.0995340198278427,0.012577942572534,0.3698213100433349
D2_P278_H230_cont55_D2_P278_H230_cont30_D2_P278_,0.0,45.0,0.0,0.5180667042732239,0.0995340198278427,0.012577942572534,0.3698213100433349
D2_P278_H230_cont55_D2_P278_H230_cont30_D2_P278_,0.0,90.0,0.0,0.5180667042732239,0.0995340198278427,0.012577942572534,0.3698213100433349
D2_P278_H230_cont55_D2_P278_H230_cont30_D2_P278_,15.0,0.0,0.0,0.4058694243431091,0.0807741358876228,0.0106295924633741,0.5027268528938293
D2_P278_H230_cont55_D2_P278_H230_cont30_D2_P278_,15.0,45.0,0.0,0.4760662019252777,0.0661599114537239,0.0164304114878177,0.4406471848487854
D2_P278_H230_cont55_D2_P278_H230_cont30_D2_P278_,15.0,90.0,0.0,0.5364022254943848,0.0679587200284004,0.0190315935760736,0.3766073584556579
D2_P278_H230_cont55_D2_P278_H230_cont30_D2_P278_,30.0,0.0,0.0,0.1926110237836837,0.1713108122348785,0.0318160951137542,0.6042619943618774
D2_P278_H230_cont55_D2_P278_H230_cont30_D2_P278_,30.0,45.0,0.0,0.2557618916034698,0.0912061110138893,0.0221998672932386,0.6053438782691956
D2_P278_H230_cont55_D2_P278_H230_cont30_D2_P278_,30.0,90.0,0.0,0.5061684250831604,0.019848158583045,0.1095501184463501,0.364433228969574
D2_P278_H230_cont55_D2_P278_H230_cont30_D2_P278_,40.0,0.0,0.0,0.2128630876541137,0.0895090252161026,0.110584557056427,0.587043285369873
D2_P278_H230_cont55_D2_P278_H230_cont30_D2_P278_,40.0,45.0,0.0,0.19318488240242,0.1236933022737503,0.0070069627836346,0.6149105429649353
D2_P278_H230_cont55_D2_P278_H230_cont30_D2_P278_,40.0,90.0,0.0,0.450038731098175,0.0117496298626065,0.2084486186504364,0.3297628760337829
D2_P278_H230_cont55_D2_P278_H230_cont30_D2_P278_,50.0,0.0,0.0,0.114851489663124,0.0413794666528701,0.2250144481658935,0.6187546253204346
D2_P278_H230_cont55_D2_P278_H230_cont30_D2_P278_,50.0,45.0,0.0,0.1889945417642593,0.1181849613785743,0.0247167870402336,0.5713168978691101
D2_P278_H230_cont55_D2_P278_H230_cont30_D2_P278_,50.0,90.0,0.0,0.4024874269962311,0.0146783180534839,0.29953333735466,0.283300906419754
D2_P278_H230_cont55_D2_P278_H230_cont30_D2_P278_,55.0,0.0,0.0,0.0114702815189957,0.0706663727760315,0.2414535135030746,0.6764097809791565
D2_P278_H230_cont55_D2_P278_H230_cont30_D2_P278_,55.0,45.0,0.0,0.1850517690181732,0.1136693954467773,0.0342363007366657,0.5436350107192993
D2_P278_H230_cont55_D2_P278_H230_cont30_D2_P278_,55.0,90.0,0.0,0.3255297839641571,0.0186526328325271,0.4040225744247436,0.2517949938774109
D2_P278_H230_cont55_D2_P278_H230_cont30_D2_P278_,0.0,0.0,30.0,0.5126559734344482,0.0812770277261734,0.0112494993954896,0.3944322466850281
D2_P278_H230_cont55_D2_P278_H230_cont30_D2_P278_,0.0,0.0,60.0,0.512445330619812,0.0814766362309455,0.011268894188106,0.3944283723831177
D2_P278_H230_cont55_D2_P278_H230_cont30_D2_P278_,0.0,0.0,90.0,0.5181483030319214,0.099383644759655,0.0125518143177032,0.3699162006378174
D2_P278_H230_cont55_D2_P278_H230_cont30_D2_P278_,30.0,0.0,30.0,0.1570780277252197,0.1908243000507354,0.0262906923890113,0.5791929960250854
D2_P278_H230_cont55_D2_P278_H230_cont30_D2_P278_,30.0,0.0,60.0,0.3264177143573761,0.1020630076527595,0.0436262525618076,0.5236765742301941
D2_P278_H230_cont55_D2_P278_H230_cont30_D2_P278_,30.0,0.0,90.0,0.5063119530677795,0.0198452100157737,0.1094841286540031,0.3643586933612823
D2_P278_H230_cont55_D2_P278_H230_cont30_D2_P278_,45.0,0.0,30.0,0.1422195732593536,0.1134318709373474,0.1417629122734069,0.5747552514076233
D2_P278_H230_cont55_D2_P278_H230_cont30_D2_P278_,45.0,0.0,60.0,0.2105485498905182,0.0911698937416076,0.0801821872591972,0.6161177754402161
D2_P278_H230_cont55_D2_P278_H230_cont30_D2_P278_,45.0,0.0,90.0,0.4257697463035583,0.0126964021474123,0.2537981271743774,0.3077356517314911
D2_P278_H230_cont55_D2_P278_H230_cont30_D2_P278_,50.0,0.0,30.0,0.1130030304193496,0.0872241556644439,0.2051662653684616,0.5758448839187622
D2_P278_H230_cont55_D2_P278_H230_cont30_D2_P278_,50.0,0.0,60.0,0.1792328506708145,0.0879290401935577,0.1062182784080505,0.6212728023529053
D2_P278_H230_cont55_D2_P278_H230_cont30_D2_P278_,50.0,0.0,90.0,0.4023526608943939,0.0146739482879638,0.2995518445968628,0.2834214568138122
C2_P278_H200_cont30_C2_P278_H200_warm~-home-uad7,0.0,0.0,0.0,0.5183359384536743,0.0028430554084479,0.0191210731863975,0.4596997201442718
C2_P278_H200_cont30_C2_P278_H200_warm~-home-uad7,0.0,45.0,0.0,0.5183359384536743,0.0028430554084479,0.0191210731863975,0.4596997201442718
C2_P278_H200_cont30_C2_P278_H200_warm~-home-uad7,0.0,90.0,0.0,0.5183359384536743,0.0028430554084479,0.0191210731863975,0.4596997201442718
C2_P278_H200_cont30_C2_P278_H200_warm~-home-uad7,10.0,0.0,0.0,0.5051469206809998,0.0049426695331931,0.0123005984351038,0.4776091575622558
C2_P278_H200_cont30_C2_P278_H200_warm~-home-uad7,10.0,45.0,0.0,0.5114866495132446,0.0018738450016826,0.0137980766594409,0.4726343750953674
C2_P278_H200_cont30_C2_P278_H200_warm~-home-uad7,10.0,90.0,0.0,0.5161499381065369,0.001238782540895,0.0163905397057533,0.46622034907341
C2_P278_H200_cont30_C2_P278_H200_warm~-home-uad7,20.0,0.0,0.0,0.3917060792446136,0.0680826604366302,0.0400644764304161,0.50014328956604
C2_P278_H200_cont30_C2_P278_H200_warm~-home-uad7,20.0,45.0,0.0,0.452714055776596,0.0253878887742757,0.0168991573154926,0.5015655755996704
C2_P278_H200_cont30_C2_P278_H200_warm~-home-uad7,20.0,90.0,0.0,0.485476404428482,0.0191279370337724,0.0098225865513086,0.4855712950229645
C2_P278_H200_cont30_C2_P278_H200_warm~-home-uad7,30.0,0.0,0.0,0.2081671208143234,0.1837509125471115,0.1325378865003585,0.4755347371101379
C2_P278_H200_cont30_C2_P278_H200_warm~-home-uad7,30.0,45.0,0.0,0.3046121299266815,0.1010275334119796,0.0654287338256836,0.5154407620429993
C2_P278_H200_cont30_C2_P278_H200_warm~-home-uad7,30.0,90.0,0.0,0.330180287361145,0.1328287571668625,0.0079848458990454,0.5289961695671082
C2_P278_H200_cont30_C2_P278_H200_warm~-home-uad7,0.0,0.0,30.0,0.4208080470561981,0.0879583582282066,0.0054614311084151,0.4650213420391083
C2_P278_H200_cont30_C2_P278_H200_warm~-home-uad7,0.0,0.0,60.0,0.4212557673454284,0.0899418070912361,0.0054652048274874,0.4657524824142456
C2_P278_H200_cont30_C2_P278_H200_warm~-home-uad7,0.0,0.0,90.0,0.5182433128356934,0.0028306662570685,0.0191236436367034,0.4598021209239959
C2_P278_H200_cont30_C2_P278_H200_warm~-home-uad7,30.0,0.0,30.0,0.2346161454916,0.1582672297954559,0.0405420027673244,0.545939564704895
C2_P278_H200_cont30_C2_P278_H200_warm~-home-uad7,30.0,0.0,60.0,0.1058943271636962,0.1220927089452743,0.0024859425611793,0.5996836423873901
C2_P278_H200_cont30_C2_P278_H200_warm~-home-uad7,30.0,0.0,90.0,0.3298937976360321,0.1328911781311035,0.0080039883032441,0.5292011499404907
C2_P278_H200_cont30_C2_P278_H200_warm~-home-uad7,45.0,0.0,30.0,0.0801279470324516,0.2581465244293213,0.0698078572750091,0.5104691982269287
C2_P278_H200_cont30_C2_P278_H200_warm~-home-uad7,45.0,0.0,60.0,0.0200722645968198,0.2235719561576843,0.0040855556726455,0.4969463944435119
C2_P278_H200_cont30_C2_P278_H200_warm~-home-uad7,45.0,0.0,90.0,0.0162757206708192,0.3252822458744049,0.0717133283615112,0.5866552591323853
C2_P278_H200_cont30_C2_P278_H200_warm~-home-uad7,50.0,0.0,30.0,0.0618862025439739,0.2788974046707153,0.1067736446857452,0.458856463432312
C2_P278_H200_cont30_C2_P278_H200_warm~-home-uad7,50.0,0.0,60.0,0.0171647351235151,0.2435271441936493,0.0096438582986593,0.4564383327960968
C2_P278_H200_cont30_C2_P278_H200_warm~-home-uad7,50.0,0.0,90.0,0.0056219566613435,0.3212063014507293,0.1037615686655044,0.5693212747573853
D2_P278_H230_cont55_D2_P278_H230_cont30_D2_P278_,0.0,0.0,0.0,0.5180667042732239,0.0995340198278427,0.012577942572534,0.3698213100433349
D2_P278_H230_cont55_D2_P278_H230_cont30_D2_P278_,0.0,45.0,0.0,0.5180667042732239,0.0995340198278427,0.012577942572534,0.3698213100433349
D2_P278_H230_cont55_D2_P278_H230_cont30_D2_P278_,0.0,90.0,0.0,0.5180667042732239,0.0995340198278427,0.012577942572534,0.3698213100433349
D2_P278_H230_cont55_D2_P278_H230_cont30_D2_P278_,15.0,0.0,0.0,0.4058694243431091,0.0807741358876228,0.0106295924633741,0.5027268528938293
D2_P278_H230_cont55_D2_P278_H230_cont30_D2_P278_,15.0,45.0,0.0,0.4760662019252777,0.0661599114537239,0.0164304114878177,0.4406471848487854
D2_P278_H230_cont55_D2_P278_H230_cont30_D2_P278_,15.0,90.0,0.0,0.5364022254943848,0.0679587200284004,0.0190315935760736,0.3766073584556579
D2_P278_H230_cont55_D2_P278_H230_cont30_D2_P278_,30.0,0.0,0.0,0.1926110237836837,0.1713108122348785,0.0318160951137542,0.6042619943618774
D2_P278_H230_cont55_D2_P278_H230_cont30_D2_P278_,30.0,45.0,0.0,0.2557618916034698,0.0912061110138893,0.0221998672932386,0.6053438782691956
D2_P278_H230_cont55_D2_P278_H230_cont30_D2_P278_,30.0,90.0,0.0,0.5061684250831604,0.019848158583045,0.1095501184463501,0.364433228969574
D2_P278_H230_cont55_D2_P278_H230_cont30_D2_P278_,40.0,0.0,0.0,0.2128630876541137,0.0895090252161026,0.110584557056427,0.587043285369873
D2_P278_H230_cont55_D2_P278_H230_cont30_D2_P278_,40.0,45.0,0.0,0.19318488240242,0.1236933022737503,0.0070069627836346,0.6149105429649353
D2_P278_H230_cont55_D2_P278_H230_cont30_D2_P278_,40.0,90.0,0.0,0.450038731098175,0.0117496298626065,0.2084486186504364,0.3297628760337829
D2_P278_H230_cont55_D2_P278_H230_cont30_D2_P278_,50.0,0.0,0.0,0.114851489663124,0.0413794666528701,0.2250144481658935,0.6187546253204346
D2_P278_H230_cont55_D2_P278_H230_cont30_D2_P278_,50.0,45.0,0.0,0.1889945417642593,0.1181849613785743,0.0247167870402336,0.5713168978691101
D2_P278_H230_cont55_D2_P278_H230_cont30_D2_P278_,50.0,90.0,0.0,0.4024874269962311,0.0146783180534839,0.29953333735466,0.283300906419754
D2_P278_H230_cont55_D2_P278_H230_cont30_D2_P278_,55.0,0.0,0.0,0.0114702815189957,0.0706663727760315,0.2414535135030746,0.6764097809791565
D2_P278_H230_cont55_D2_P278_H230_cont30_D2_P278_,55.0,45.0,0.0,0.1850517690181732,0.1136693954467773,0.0342363007366657,0.5436350107192993
D2_P278_H230_cont55_D2_P278_H230_cont30_D2_P278_,55.0,90.0,0.0,0.3255297839641571,0.0186526328325271,0.4040225744247436,0.2517949938774109
D2_P278_H230_cont55_D2_P278_H230_cont30_D2_P278_,0.0,0.0,30.0,0.5126559734344482,0.0812770277261734,0.0112494993954896,0.3944322466850281
D2_P278_H230_cont55_D2_P278_H230_cont30_D2_P278_,0.0,0.0,60.0,0.512445330619812,0.0814766362309455,0.011268894188106,0.3944283723831177
D2_P278_H230_cont55_D2_P278_H230_cont30_D2_P278_,0.0,0.0,90.0,0.5181483030319214,0.099383644759655,0.0125518143177032,0.3699162006378174
D2_P278_H230_cont55_D2_P278_H230_cont30_D2_P278_,30.0,0.0,30.0,0.1570780277252197,0.1908243000507354,0.0262906923890113,0.5791929960250854
D2_P278_H230_cont55_D2_P278_H230_cont30_D2_P278_,30.0,0.0,60.0,0.3264177143573761,0.1020630076527595,0.0436262525618076,0.5236765742301941
D2_P278_H230_cont55_D2_P278_H230_cont30_D2_P278_,30.0,0.0,90.0,0.5063119530677795,0.0198452100157737,0.1094841286540031,0.3643586933612823
D2_P278_H230_cont55_D2_P278_H230_cont30_D2_P278_,45.0,0.0,30.0,0.1422195732593536,0.1134318709373474,0.1417629122734069,0.5747552514076233
D2_P278_H230_cont55_D2_P278_H230_cont30_D2_P278_,45.0,0.0,60.0,0.2105485498905182,0.0911698937416076,0.0801821872591972,0.6161177754402161
D2_P278_H230_cont55_D2_P278_H230_cont30_D2_P278_,45.0,0.0,90.0,0.4257697463035583,0.0126964021474123,0.2537981271743774,0.3077356517314911
D2_P278_H230_cont55_D2_P278_H230_cont30_D2_P278_,50.0,0.0,30.0,0.1130030304193496,0.0872241556644439,0.2051662653684616,0.5758448839187622
D2_P278_H230_cont55_D2_P278_H230_cont30_D2_P278_,50.0,0.0,60.0,0.1792328506708145,0.0879290401935577,0.1062182784080505,0.6212728023529053
D2_P278_H230_cont55_D2_P278_H230_cont30_D2_P278_,50.0,0.0,90.0,0.4023526608943939,0.0146739482879638,0.2995518445968628,0.2834214568138122
D2_P278_H230_cont30_D2_P278_H230_mut1~-home-ub39,0.0,0.0,0.0,0.5562723278999329,0.055168904364109,0.0057512237690389,0.3828074634075165
D2_P278_H230_cont30_D2_P278_H230_mut1~-home-ub39,0.0,45.0,0.0,0.5562723278999329,0.055168904364109,0.0057512237690389,0.3828074634075165
D2_P278_H230_cont30_D2_P278_H230_mut1~-home-ub39,0.0,90.0,0.0,0.5562723278999329,0.055168904364109,0.0057512237690389,0.3828074634075165
D2_P278_H230_cont30_D2_P278_H230_mut1~-home-ub39,10.0,0.0,0.0,0.4857263565063476,0.050561286509037,0.0062192985787987,0.4574930965900421
D2_P278_H230_cont30_D2_P278_H230_mut1~-home-ub39,10.0,45.0,0.0,0.5249285101890564,0.044644821435213,0.00745260855183,0.4227748513221741
D2_P278_H230_cont30_D2_P278_H230_mut1~-home-ub39,10.0,90.0,0.0,0.5598228573799133,0.0435601994395256,0.0080337384715676,0.3885831236839294
D2_P278_H230_cont30_D2_P278_H230_mut1~-home-ub39,20.0,0.0,0.0,0.2301484644412994,0.1469766646623611,0.0097700944170355,0.6131047606468201
D2_P278_H230_cont30_D2_P278_H230_mut1~-home-ub39,20.0,45.0,0.0,0.3897473812103271,0.0531481653451919,0.0178754925727844,0.5345363020896912
D2_P278_H230_cont30_D2_P278_H230_mut1~-home-ub39,20.0,90.0,0.0,0.5480076670646667,0.0207057520747184,0.0344764180481433,0.396810233592987
D2_P278_H230_cont30_D2_P278_H230_mut1~-home-ub39,30.0,0.0,0.0,0.211366668343544,0.1613269746303558,0.0619999319314956,0.5653064250946045
D2_P278_H230_cont30_D2_P278_H230_mut1~-home-ub39,30.0,45.0,0.0,0.2249826490879058,0.112887367606163,0.0108668189495801,0.6247746348381042
D2_P278_H230_cont30_D2_P278_H230_mut1~-home-ub39,30.0,90.0,0.0,0.4888352751731872,0.0130662899464368,0.1076530814170837,0.390445351600647
D2_P278_H230_cont30_D2_P278_H230_mut1~-home-ub39,0.0,0.0,30.0,0.5464056134223938,0.0537717714905738,0.0057288082316517,0.394079178571701
D2_P278_H230_cont30_D2_P278_H230_mut1~-home-ub39,0.0,0.0,60.0,0.5463956594467163,0.0536971613764762,0.005712968762964,0.3941787481307983
D2_P278_H230_cont30_D2_P278_H230_mut1~-home-ub39,0.0,0.0,90.0,0.5561670064926147,0.0551701597869396,0.0057573891244828,0.382905513048172
D2_P278_H230_cont30_D2_P278_H230_mut1~-home-ub39,30.0,0.0,30.0,0.1724671423435211,0.1824617385864257,0.0443432256579399,0.5558884739875793
D2_P278_H230_cont30_D2_P278_H230_mut1~-home-ub39,30.0,0.0,60.0,0.3087254464626312,0.0940445512533187,0.0373186618089675,0.5523161888122559
D2_P278_H230_cont30_D2_P278_H230_mut1~-home-ub39,30.0,0.0,90.0,0.4888340830802917,0.0130839180201292,0.1076609194278717,0.390421062707901
D2_P278_H230_cont30_D2_P278_H230_mut1~-home-ub39,45.0,0.0,30.0,0.1611836701631546,0.1106257364153862,0.1668138355016708,0.537024736404419
D2_P278_H230_cont30_D2_P278_H230_mut1~-home-ub39,45.0,0.0,60.0,0.1835296601057052,0.1018945276737213,0.0577011108398437,0.6523749828338623
D2_P278_H230_cont30_D2_P278_H230_mut1~-home-ub39,45.0,0.0,90.0,0.3723142743110657,0.0305634420365095,0.2368611097335815,0.3602611124515533
D2_P278_H230_cont30_D2_P278_H230_mut1~-home-ub39,50.0,0.0,30.0,0.1349083334207534,0.0842166170477867,0.2382732629776001,0.5270395278930664
D2_P278_H230_cont30_D2_P278_H230_mut1~-home-ub39,50.0,0.0,60.0,0.1423458606004715,0.0974918827414512,0.0768291726708412,0.6725585460662842
D2_P278_H230_cont30_D2_P278_H230_mut1~-home-ub39,50.0,0.0,90.0,0.3373117446899414,0.0344682186841964,0.2819985151290893,0.3462215065956116
D2_P278_H230_cont30_D2_P278_H230_warm~-home-ue54,0.0,0.0,0.0,0.4636593461036682,0.0952004939317703,0.0165158249437809,0.4246242642402649
D2_P278_H230_cont30_D2_P278_H230_warm~-home-ue54,0.0,45.0,0.0,0.4636593461036682,0.0952004939317703,0.0165158249437809,0.4246242642402649
D2_P278_H230_cont30_D2_P278_H230_warm~-home-ue54,0.0,90.0,0.0,0.4636593461036682,0.0952004939317703,0.0165158249437809,0.4246242642402649
D2_P278_H230_cont30_D2_P278_H230_warm~-home-ue54,10.0,0.0,0.0,0.2556902766227722,0.1348922848701477,0.0328834354877471,0.5765339732170105
D2_P278_H230_cont30_D2_P278_H230_warm~-home-ue54,10.0,45.0,0.0,0.3268503248691559,0.112450435757637,0.026209807023406,0.5330652594566345
D2_P278_H230_cont30_D2_P278_H230_warm~-home-ue54,10.0,90.0,0.0,0.4470459818840027,0.0851876884698867,0.0245321057736873,0.4432341456413269
D2_P278_H230_cont30_D2_P278_H230_warm~-home-ue54,20.0,0.0,0.0,0.224435493350029,0.1398673802614212,0.0587030127644538,0.5769941210746765
D2_P278_H230_cont30_D2_P278_H230_warm~-home-ue54,20.0,45.0,0.0,0.2175394147634506,0.1331627517938614,0.0344459265470504,0.6069203615188599
D2_P278_H230_cont30_D2_P278_H230_warm~-home-ue54,20.0,90.0,0.0,0.3865434229373932,0.0662521198391914,0.0533502027392387,0.4938540458679199
D2_P278_H230_cont30_D2_P278_H230_warm~-home-ue54,30.0,0.0,0.0,0.2089221030473709,0.1298820525407791,0.1163724511861801,0.5448233485221863
D2_P278_H230_cont30_D2_P278_H230_warm~-home-ue54,30.0,45.0,0.0,0.2368281781673431,0.1291290521621704,0.0188046284019947,0.6082760095596313
D2_P278_H230_cont30_D2_P278_H230_warm~-home-ue54,30.0,90.0,0.0,0.2830985784530639,0.0633718445897102,0.1010617092251777,0.5524678826332092
D2_P278_H230_cont30_D2_P278_H230_warm~-home-ue54,0.0,0.0,30.0,0.4548893570899963,0.1336510330438614,0.0007427650270983,0.4039899110794067
D2_P278_H230_cont30_D2_P278_H230_warm~-home-ue54,0.0,0.0,60.0,0.4546639621257782,0.1339260190725326,0.0007480229833163,0.4039432406425476
D2_P278_H230_cont30_D2_P278_H230_warm~-home-ue54,0.0,0.0,90.0,0.463932454586029,0.0949552804231643,0.0165510773658752,0.4245612025260925
D2_P278_H230_cont30_D2_P278_H230_warm~-home-ue54,30.0,0.0,30.0,0.1942054778337478,0.1423184275627136,0.1182165443897247,0.527417004108429
D2_P278_H230_cont30_D2_P278_H230_warm~-home-ue54,30.0,0.0,60.0,0.1203611865639686,0.1610862016677856,0.0142642613500356,0.6001603007316589
D2_P278_H230_cont30_D2_P278_H230_warm~-home-ue54,30.0,0.0,90.0,0.2829732596874237,0.0633685514330864,0.1011612266302108,0.5524968504905701
D2_P278_H230_cont30_D2_P278_H230_warm~-home-ue54,45.0,0.0,30.0,0.1699230968952179,0.1287339627742767,0.2378406673669815,0.4386102259159088
D2_P278_H230_cont30_D2_P278_H230_warm~-home-ue54,45.0,0.0,60.0,0.0640357658267021,0.1797945946455001,0.0258059948682785,0.5753300189971924
D2_P278_H230_cont30_D2_P278_H230_warm~-home-ue54,45.0,0.0,90.0,0.1561595499515533,0.1002131998538971,0.1634156107902526,0.5802115201950073
D2_P278_H230_cont30_D2_P278_H230_warm~-home-ue54,50.0,0.0,30.0,0.1577198505401611,0.1166647225618362,0.2914085984230041,0.4053425192832947
D2_P278_H230_cont30_D2_P278_H230_warm~-home-ue54,50.0,0.0,60.0,0.052450031042099,0.1746538877487182,0.0375187695026397,0.5631872415542603
D2_P278_H230_cont30_D2_P278_H230_warm~-home-ue54,50.0,0.0,90.0,0.1466175615787506,0.116738311946392,0.1752971410751342,0.5613468885421753
D2_P272_H230_cont30_D2_P272_H230_warm~-home-ue54,0.0,0.0,0.0,0.4418404698371887,0.103337824344635,0.0192393884062767,0.4355822205543518
D2_P272_H230_cont30_D2_P272_H230_warm~-home-ue54,0.0,45.0,0.0,0.4418404698371887,0.103337824344635,0.0192393884062767,0.4355822205543518
D2_P272_H230_cont30_D2_P272_H230_warm~-home-ue54,0.0,90.0,0.0,0.4418404698371887,0.103337824344635,0.0192393884062767,0.4355822205543518
D2_P272_H230_cont30_D2_P272_H230_warm~-home-ue54,10.0,0.0,0.0,0.2366372942924499,0.1457971334457397,0.0252030938863754,0.5923624038696289
D2_P272_H230_cont30_D2_P272_H230_warm~-home-ue54,10.0,45.0,0.0,0.2890591025352478,0.1203031092882156,0.0210250802338123,0.5663636326789856
D2_P272_H230_cont30_D2_P272_H230_warm~-home-ue54,10.0,90.0,0.0,0.4168587923049927,0.091087207198143,0.0275454558432102,0.4645084142684936
D2_P272_H230_cont30_D2_P272_H230_warm~-home-ue54,20.0,0.0,0.0,0.2576983273029327,0.1587322950363159,0.0508176013827323,0.5327517986297607
D2_P272_H230_cont30_D2_P272_H230_warm~-home-ue54,20.0,45.0,0.0,0.2312359362840652,0.1448420733213424,0.0244649574160575,0.5850794911384583
D2_P272_H230_cont30_D2_P272_H230_warm~-home-ue54,20.0,90.0,0.0,0.339844673871994,0.0653079599142074,0.0553565472364425,0.539490818977356
D2_P272_H230_cont30_D2_P272_H230_warm~-home-ue54,30.0,0.0,0.0,0.2473174631595611,0.1379177570343017,0.0838687568902969,0.5308959484100342
D2_P272_H230_cont30_D2_P272_H230_warm~-home-ue54,30.0,45.0,0.0,0.2772692739963531,0.1396397203207016,0.0139666851609945,0.5541641712188721
D2_P272_H230_cont30_D2_P272_H230_warm~-home-ue54,30.0,90.0,0.0,0.2288050204515457,0.0541077479720115,0.0997236222028732,0.6173635125160217
D2_P272_H230_cont30_D2_P272_H230_warm~-home-ue54,0.0,0.0,30.0,0.4302822947502136,0.1442646086215973,0.0014928713208064,0.4163532555103302
D2_P272_H230_cont30_D2_P272_H230_warm~-home-ue54,0.0,0.0,60.0,0.430517703294754,0.1440699845552444,0.0015022235456854,0.4162861704826355
D2_P272_H230_cont30_D2_P272_H230_warm~-home-ue54,0.0,0.0,90.0,0.4414660632610321,0.1036872565746307,0.0193298868834972,0.435516744852066
D2_P272_H230_cont30_D2_P272_H230_warm~-home-ue54,30.0,0.0,30.0,0.2051103562116623,0.1579118818044662,0.0975838601589202,0.5212897658348083
D2_P272_H230_cont30_D2_P272_H230_warm~-home-ue54,30.0,0.0,60.0,0.1169979274272918,0.1491399407386779,0.0137418694794178,0.5932522416114807
D2_P272_H230_cont30_D2_P272_H230_warm~-home-ue54,30.0,0.0,90.0,0.2284560352563858,0.0540878772735595,0.0999317988753318,0.6175241470336914
D2_P272_H230_cont30_D2_P272_H230_warm~-home-ue54,45.0,0.0,30.0,0.176386296749115,0.1429227888584137,0.2003101408481598,0.4594448506832123
D2_P272_H230_cont30_D2_P272_H230_warm~-home-ue54,45.0,0.0,60.0,0.074493907392025,0.1730259209871292,0.0173034276813268,0.5580328106880188
D2_P272_H230_cont30_D2_P272_H230_warm~-home-ue54,45.0,0.0,90.0,0.1034330874681472,0.090933583676815,0.164512425661087,0.6411207318305969
D2_P272_H230_cont30_D2_P272_H230_warm~-home-ue54,50.0,0.0,30.0,0.1641635447740554,0.1319048553705215,0.2447214424610138,0.4358217120170593
D2_P272_H230_cont30_D2_P272_H230_warm~-home-ue54,50.0,0.0,60.0,0.06819599121809,0.1719885468482971,0.0225449707359075,0.5495085120201111
D2_P272_H230_cont30_D2_P272_H230_warm~-home-ue54,50.0,0.0,90.0,0.0892169401049614,0.1124662011861801,0.1805474460124969,0.6177693605422974
