label,port,pol,term,re,im,abs,f_ED,f_MD,f_EQ,f_MQ
mut1_615,t,x,bg,-0.642092227935791,0.7437216639518738,0.9825499186335989,0.027659407313908087,0.07745847879384042,0.8234006730199358,0.07148144087231566
mut1_615,t,x,ED,0.059331995635541895,-0.06865895650309836,0.09074325327091991,0.027659407313908087,0.07745847879384042,0.8234006730199358,0.07148144087231566
mut1_615,t,x,MD,0.08906775912090778,0.20280998800181,0.2215061104080751,0.027659407313908087,0.07745847879384042,0.8234006730199358,0.07148144087231566
mut1_615,t,x,EQ,-0.11689638243966341,-0.924867370028177,0.9322255179785184,0.027659407313908087,0.07745847879384042,0.8234006730199358,0.07148144087231566
mut1_615,t,x,ladder,-0.6105888556190048,-0.046994674577591544,0.6123946848600007,0.027659407313908087,0.07745847879384042,0.8234006730199358,0.07148144087231566
mut1_615,t,x,residual,0.5377040054150138,0.04057487063038123,0.5392327118842304,0.027659407313908087,0.07745847879384042,0.8234006730199358,0.07148144087231566
mut1_615,t,x,full,-0.07288485020399094,-0.006419803947210312,0.07316703678555539,0.027659407313908087,0.07745847879384042,0.8234006730199358,0.07148144087231566
mut1_615,r,x,bg,0.02713477611541748,0.18400923907756805,0.18599918317223715,0.027659407313908087,0.07745847879384042,0.8234006730199358,0.07148144087231566
mut1_615,r,x,ED,0.09911293876802883,-0.037027426936498756,0.10580361514037592,0.027659407313908087,0.07745847879384042,0.8234006730199358,0.07148144087231566
mut1_615,r,x,MD,0.015366770154921685,-0.17659331256957908,0.17726064331737953,0.027659407313908087,0.07745847879384042,0.8234006730199358,0.07148144087231566
mut1_615,r,x,EQ,-0.27316382160967834,0.6942045819594871,0.7460150635543161,0.027659407313908087,0.07745847879384042,0.8234006730199358,0.07148144087231566
mut1_615,r,x,ladder,-0.13154933657131035,0.6645930815309773,0.6774874109318875,0.027659407313908087,0.07745847879384042,0.8234006730199358,0.07148144087231566
mut1_615,r,x,residual,0.18393469657382805,0.08919288629586597,0.20441952834671512,0.027659407313908087,0.07745847879384042,0.8234006730199358,0.07148144087231566
mut1_615,r,x,full,0.0523853600025177,0.7537859678268433,0.7556040704199813,0.027659407313908087,0.07745847879384042,0.8234006730199358,0.07148144087231566
mut1_615,t,y,bg,-0.642092227935791,0.7437216639518738,0.9825499186335989,0.4182512133966189,0.47834143693969444,0.06966046898881252,0.033746880674874156
mut1_615,t,y,ED,0.10134581009210819,-0.3936649507352516,0.4065010045013588,0.4182512133966189,0.47834143693969444,0.06966046898881252,0.033746880674874156
mut1_615,t,y,MD,0.6145694372728201,0.1658914054517458,0.6365654338970868,0.4182512133966189,0.47834143693969444,0.06966046898881252,0.033746880674874156
mut1_615,t,y,EQ,-0.2900621442352663,-0.11652239077086031,0.31259161068288044,0.4182512133966189,0.47834143693969444,0.06966046898881252,0.033746880674874156
mut1_615,t,y,ladder,-0.216239124806129,0.3994257278975077,0.4542028965158352,0.4182512133966189,0.47834143693969444,0.06966046898881252,0.033746880674874156
mut1_615,t,y,residual,0.11934736398001816,-0.3546385035153456,0.3741821233899112,0.4182512133966189,0.47834143693969444,0.06966046898881252,0.033746880674874156
mut1_615,t,y,full,-0.09689176082611084,0.044787224382162094,0.10674225397583846,0.4182512133966189,0.47834143693969444,0.06966046898881252,0.033746880674874156
mut1_615,r,y,bg,0.02713477611541748,0.18400923907756805,0.18599918317223715,0.4182512133966189,0.47834143693969444,0.06966046898881252,0.033746880674874156
mut1_615,r,y,ED,0.11510880483519705,-0.6979961671606177,0.7074239791818627,0.4182512133966189,0.47834143693969444,0.06966046898881252,0.033746880674874156
mut1_615,r,y,MD,-0.7487005006128602,-0.1324689085477694,0.7603291730229643,0.4182512133966189,0.47834143693969444,0.06966046898881252,0.033746880674874156
mut1_615,r,y,EQ,0.3574055184614422,0.1080009518230866,0.37336699133879653,0.4182512133966189,0.47834143693969444,0.06966046898881252,0.033746880674874156
mut1_615,r,y,ladder,-0.2490514012008035,-0.5384548848077325,0.5932623900209688,0.4182512133966189,0.47834143693969444,0.06966046898881252,0.033746880674874156
mut1_615,r,y,residual,0.05998774785092709,-0.25731552191528995,0.26421545698683957,0.4182512133966189,0.47834143693969444,0.06966046898881252,0.033746880674874156
mut1_615,r,y,full,-0.1890636533498764,-0.7957704067230225,0.8179215153265788,0.4182512133966189,0.47834143693969444,0.06966046898881252,0.033746880674874156
champ585,t,x,bg,-0.642092227935791,0.7437216639518738,0.9825499186335989,0.16219226949650817,0.21643345649676676,0.5643395330737099,0.05703474093301533
champ585,t,x,ED,0.1910602642749346,-0.14443597778905445,0.23951153680916518,0.16219226949650817,0.21643345649676676,0.5643395330737099,0.05703474093301533
champ585,t,x,MD,0.2406554853497572,0.323388726124295,0.4031070959598968,0.16219226949650817,0.21643345649676676,0.5643395330737099,0.05703474093301533
champ585,t,x,EQ,-0.37063010489554993,-0.7540884453284113,0.8402476170943342,0.16219226949650817,0.21643345649676676,0.5643395330737099,0.05703474093301533
champ585,t,x,ladder,-0.5810065832066491,0.16858596695870298,0.6049709728448678,0.16219226949650817,0.21643345649676676,0.5643395330737099,0.05703474093301533
champ585,t,x,residual,0.49392313175677804,-0.09731798960179228,0.5034191605258564,0.16219226949650817,0.21643345649676676,0.5643395330737099,0.05703474093301533
champ585,t,x,full,-0.08708345144987106,0.0712679773569107,0.11252845023800509,0.16219226949650817,0.21643345649676676,0.5643395330737099,0.05703474093301533
champ585,r,x,bg,0.02713477611541748,0.18400923907756805,0.18599918317223715,0.16219226949650817,0.21643345649676676,0.5643395330737099,0.05703474093301533
champ585,r,x,ED,0.25860901736901776,-0.18722689037562731,0.3192687462691832,0.16219226949650817,0.21643345649676676,0.5643395330737099,0.05703474093301533
champ585,r,x,MD,-0.21401060999478488,-0.3003545680324528,0.3687999562476943,0.16219226949650817,0.21643345649676676,0.5643395330737099,0.05703474093301533
champ585,r,x,EQ,0.3247520578501762,0.6967728938003,0.7687368630505294,0.16219226949650817,0.21643345649676676,0.5643395330737099,0.05703474093301533
champ585,r,x,ladder,0.39648524133982654,0.393200674469788,0.558397096163471,0.16219226949650817,0.21643345649676676,0.5643395330737099,0.05703474093301533
champ585,r,x,residual,0.21620705516514782,-0.06927166264804119,0.22703315605701582,0.16219226949650817,0.21643345649676676,0.5643395330737099,0.05703474093301533
champ585,r,x,full,0.6126922965049744,0.3239290118217468,0.6930525628668815,0.16219226949650817,0.21643345649676676,0.5643395330737099,0.05703474093301533
champ585,t,y,bg,-0.642092227935791,0.7437216639518738,0.9825499186335989,0.29046259178913275,0.682141869763726,0.014925363962429168,0.012470174484712077
champ585,t,y,ED,-0.0381961687190856,-0.3826666554841895,0.38456822089750503,0.29046259178913275,0.682141869763726,0.014925363962429168,0.012470174484712077
champ585,t,y,MD,0.8468534875329868,-0.19933256328898707,0.8699967242088563,0.29046259178913275,0.682141869763726,0.014925363962429168,0.012470174484712077
champ585,t,y,EQ,-0.1649024133246791,-0.005850970790011165,0.16500618103419296,0.29046259178913275,0.682141869763726,0.014925363962429168,0.012470174484712077
champ585,t,y,ladder,0.001662677553431191,0.15587147438868598,0.15588034200870063,0.29046259178913275,0.682141869763726,0.014925363962429168,0.012470174484712077
champ585,t,y,residual,-0.06669090541912714,-0.21308624858006553,0.22327880821866736,0.29046259178913275,0.682141869763726,0.014925363962429168,0.012470174484712077
champ585,t,y,full,-0.06502822786569595,-0.05721477419137955,0.08661524580074473,0.29046259178913275,0.682141869763726,0.014925363962429168,0.012470174484712077
champ585,r,y,bg,0.02713477611541748,0.18400923907756805,0.18599918317223715,0.29046259178913275,0.682141869763726,0.014925363962429168,0.012470174484712077
champ585,r,y,ED,0.0030329232388631735,-0.599437369856596,0.5994450425218031,0.29046259178913275,0.682141869763726,0.014925363962429168,0.012470174484712077
champ585,r,y,MD,-0.923300151472344,0.11754311625107929,0.930752144175273,0.29046259178913275,0.682141869763726,0.014925363962429168,0.012470174484712077
champ585,r,y,EQ,0.1748017685952466,0.02463559941104629,0.1765292357156958,0.29046259178913275,0.682141869763726,0.014925363962429168,0.012470174484712077
champ585,r,y,ladder,-0.7183306835228167,-0.27324941511690237,0.7685468194925318,0.29046259178913275,0.682141869763726,0.014925363962429168,0.012470174484712077
champ585,r,y,residual,0.0024082086616716847,-0.16149685029447458,0.16151480465887355,0.29046259178913275,0.682141869763726,0.014925363962429168,0.012470174484712077
champ585,r,y,full,-0.715922474861145,-0.43474626541137695,0.8375854017952117,0.29046259178913275,0.682141869763726,0.014925363962429168,0.012470174484712077
mut22_651,t,x,bg,-0.642092227935791,0.7437216639518738,0.9825499186335989,0.07945027243918115,0.005066691071022278,0.8504501450625035,0.06503289142729317
mut22_651,t,x,ED,-0.11794150666848256,-0.08426601357994051,0.14495157825938437,0.07945027243918115,0.005066691071022278,0.8504501450625035,0.06503289142729317
mut22_651,t,x,MD,0.04336995541672908,0.03072178226035886,0.053148668262732304,0.07945027243918115,0.005066691071022278,0.8504501450625035,0.06503289142729317
mut22_651,t,x,EQ,0.24401195062431552,-0.8579153500527933,0.8919420272101154,0.07945027243918115,0.005066691071022278,0.8504501450625035,0.06503289142729317
mut22_651,t,x,ladder,-0.47265182856322896,-0.16773791742050115,0.5015334086426655,0.07945027243918115,0.005066691071022278,0.8504501450625035,0.06503289142729317
mut22_651,t,x,residual,0.4593835859730996,0.17360398676716748,0.4910922757313121,0.07945027243918115,0.005066691071022278,0.8504501450625035,0.06503289142729317
mut22_651,t,x,full,-0.013268242590129375,0.005866069346666336,0.01450713724379905,0.07945027243918115,0.005066691071022278,0.8504501450625035,0.06503289142729317
mut22_651,r,x,bg,0.02713477611541748,0.18400923907756805,0.18599918317223715,0.07945027243918115,0.005066691071022278,0.8504501450625035,0.06503289142729317
mut22_651,r,x,ED,-0.054987181204887436,-0.18485447792656798,0.19285945169050733,0.07945027243918115,0.005066691071022278,0.8504501450625035,0.06503289142729317
mut22_651,r,x,MD,-0.01402646361785183,-0.04646352085661123,0.04853452845156392,0.07945027243918115,0.005066691071022278,0.8504501450625035,0.06503289142729317
mut22_651,r,x,EQ,-0.6569939506822678,0.48143672240890606,0.814507439448483,0.07945027243918115,0.005066691071022278,0.8504501450625035,0.06503289142729317
mut22_651,r,x,ladder,-0.6988728193895897,0.4341279627032949,0.8227334353740994,0.07945027243918115,0.005066691071022278,0.8504501450625035,0.06503289142729317
mut22_651,r,x,residual,0.109475865806826,0.16415407646220193,0.19731073466315158,0.07945027243918115,0.005066691071022278,0.8504501450625035,0.06503289142729317
mut22_651,r,x,full,-0.5893969535827637,0.5982820391654968,0.8398393699277663,0.07945027243918115,0.005066691071022278,0.8504501450625035,0.06503289142729317
mut22_651,t,y,bg,-0.642092227935791,0.7437216639518738,0.9825499186335989,0.48634960677702765,0.2635942686477074,0.19169481436752892,0.058361310207736
mut22_651,t,y,ED,0.19552376360628487,-0.33225109716954715,0.3855130785137311,0.48634960677702765,0.2635942686477074,0.19169481436752892,0.058361310207736
mut22_651,t,y,MD,0.3411001366359958,0.23480718880629944,0.4141059274246291,0.48634960677702765,0.2635942686477074,0.19169481436752892,0.058361310207736
mut22_651,t,y,EQ,-0.34782235859723537,-0.2932290621853644,0.4549326060530857,0.48634960677702765,0.2635942686477074,0.19169481436752892,0.058361310207736
mut22_651,t,y,ladder,-0.4532906862907457,0.3530486934032617,0.5745570695689729,0.48634960677702765,0.2635942686477074,0.19169481436752892,0.058361310207736
mut22_651,t,y,residual,0.3017195465974855,-0.3430279735621391,0.4568400983332569,0.48634960677702765,0.2635942686477074,0.19169481436752892,0.058361310207736
mut22_651,t,y,full,-0.1515711396932602,0.010020719841122627,0.15190202504920092,0.48634960677702765,0.2635942686477074,0.19169481436752892,0.058361310207736
mut22_651,r,y,bg,0.02713477611541748,0.18400923907756805,0.18599918317223715,0.48634960677702765,0.2635942686477074,0.19169481436752892,0.058361310207736
mut22_651,r,y,ED,0.23131524711466767,-0.6434500562105019,0.6837651046850942,0.48634960677702765,0.2635942686477074,0.19169481436752892,0.058361310207736
mut22_651,r,y,MD,-0.4610926115219704,-0.20374970381758692,0.5041034994977769,0.48634960677702765,0.2635942686477074,0.19169481436752892,0.058361310207736
mut22_651,r,y,EQ,0.4823413512836032,0.27211141214412427,0.5538030333766345,0.48634960677702765,0.2635942686477074,0.19169481436752892,0.058361310207736
mut22_651,r,y,ladder,0.279698762991718,-0.3910791088063965,0.4808058520483112,0.48634960677702765,0.2635942686477074,0.19169481436752892,0.058361310207736
mut22_651,r,y,residual,0.1280078851196254,-0.27964111080572507,0.3075470199911861,0.48634960677702765,0.2635942686477074,0.19169481436752892,0.058361310207736
mut22_651,r,y,full,0.4077066481113434,-0.6707202196121216,0.7849142143640407,0.48634960677702765,0.2635942686477074,0.19169481436752892,0.058361310207736
