iteration,F_co,S_ED,S_MD,balance,learning_rate,projection_beta,elapsed_time_s
0,-4.847989559173584,0.5121919512748718,0.00012013153900625184,0.00023454398044913394,0.02,1.0,1.9502043724060059
1,-2.3267064094543457,0.528478741645813,0.0180310420691967,0.03411876514277467,0.019997806834748454,1.0471285480508996,3.788419246673584
2,-1.4861921072006226,0.5955241322517395,0.08594301342964172,0.1443149131581584,0.019991228300988585,1.096478196143185,5.599186182022095
3,-0.9107770919799805,0.7291824817657471,0.22185686230659485,0.30425424067930784,0.019980267284282715,1.1481536214968828,7.433295965194702
4,-0.386980801820755,0.972399890422821,0.47427240014076233,0.48773390948661094,0.019964928592495042,1.202264434617413,9.275280475616455
5,0.1718864142894745,1.4428316354751587,0.9774239659309387,0.6774345265921289,0.019945218953682734,1.2589254117941673,11.093393325805664
6,0.8464086055755615,2.5119638442993164,2.1635541915893555,0.8612998935070233,0.01992114701314478,1.318256738556407,12.88361644744873
7,1.7502549886703491,5.682301998138428,5.830796241760254,0.9745327674873488,0.019892723329629883,1.3803842646028848,14.725398063659668
8,2.8259060382843018,15.721985816955566,18.11520767211914,0.867888798269323,0.01985996037070505,1.4454397707459274,16.612945079803467
9,2.5826916694641113,11.995609283447266,14.59738826751709,0.8217640761217356,0.019822872507286888,1.5135612484362082,18.42807102203369
10,1.9568241834640503,6.381718158721924,7.847625255584717,0.8132037337256386,0.019781476007338056,1.5848931924611134,20.25734281539917
11,1.6305744647979736,4.596874237060547,5.673308372497559,0.8102634186683662,0.019735789028731604,1.6595869074375607,22.04298233985901
12,1.4672043323516846,3.899261236190796,4.824087619781494,0.8082898868173136,0.01968583161128631,1.7378008287493754,23.813978910446167
13,1.3899765014648438,3.608942747116089,4.466200828552246,0.8080565307416209,0.019631625667976584,1.8197008586099834,25.555338144302368
14,1.363349199295044,3.5164220333099365,4.345993995666504,0.8091180146165496,0.01957319497532067,1.9054607179632472,27.331082344055176
15,1.369010329246521,3.5390243530273438,4.36740779876709,0.8103260597798063,0.019510565162951538,1.9952623149688797,29.062788486480713
16,1.3954331874847412,3.6365420818328857,4.4809417724609375,0.8115575400201823,0.019443763702374814,2.089296130854039,30.80621337890625
17,1.4350807666778564,3.7873756885528564,4.657542705535889,0.8131703621419129,0.019372819894918916,2.1877616239495525,32.55370783805847
18,1.4825270175933838,3.977191209793091,4.876745700836182,0.8155420548400409,0.019297764858882512,2.290867652767773,34.296504497528076
19,1.5345830917358398,4.198477268218994,5.126607894897461,0.8189581404103367,0.019218631515885005,2.3988329190194904,36.04992651939392
20,1.5876359939575195,4.4393229484558105,5.39121150970459,0.823436984518947,0.019135454576426007,2.51188643150958,37.822165966033936
21,1.6405832767486572,4.695686340332031,5.666219711303711,0.8287158951785152,0.019048270524660196,2.6302679918953817,39.584975242614746
22,1.6926357746124268,4.964664936065674,5.947230339050293,0.8347860521672078,0.01895711760239413,2.7542287033381663,41.32707333564758
23,1.743117332458496,5.242056369781494,6.230899333953857,0.8413001219928669,0.018862035792312146,2.884031503126606,43.092631578445435
24,1.7907884120941162,5.520043849945068,6.509032726287842,0.8480590100047553,0.018763066800438634,3.0199517204020156,44.83948278427124
25,1.833509922027588,5.784114837646484,6.765962600708008,0.8548842461884677,0.018660254037844385,3.162277660168379,46.59318423271179
26,1.8676173686981201,6.008392333984375,6.973223686218262,0.8616376878685791,0.018553642601605067,3.3113112148259107,48.359286308288574
27,1.8884305953979492,6.157703399658203,7.093347072601318,0.868095602348574,0.01844327925502015,3.467368504525316,50.10836958885193
28,1.8921828269958496,6.201595306396484,7.096198558807373,0.8739320433330554,0.018329212407100996,3.630780547701013,51.879607915878296
29,1.8789873123168945,6.136437892913818,6.984756946563721,0.8785470904512823,0.01821149209133704,3.801893963205612,53.62052011489868
30,1.8550938367843628,6.000433444976807,6.80975341796875,0.8811528225299188,0.018090169943749474,3.9810717055349727,55.38142132759094
31,1.8312225341796875,5.8579630851745605,6.650174617767334,0.8808735742852383,0.017965299180241964,4.168693834703354,57.19090437889099
32,1.8178277015686035,5.767746448516846,6.575654029846191,0.8771365437318909,0.017836934573258398,4.365158322401659,58.951271533966064
33,1.8203833103179932,5.758897304534912,6.619504451751709,0.8699891882405297,0.017705132427757894,4.57088189614875,60.738670349121094
34,1.8370280265808105,5.822119235992432,6.769260883331299,0.8600819700017798,0.017569950556517566,4.786300923226383,62.487175703048706
35,1.8603565692901611,5.919544219970703,6.975846290588379,0.8485772153489594,0.017431448254773944,5.011872336272723,64.23403477668762
36,1.8816142082214355,6.003973484039307,7.1764655113220215,0.8366198478298603,0.017289686274214115,5.248074602497726,65.9782133102417
37,1.8949966430664062,6.042906284332275,7.323644638061523,0.825122815616424,0.017144726796328034,5.495408738576246,67.80530881881714
38,1.9006338119506836,6.03785514831543,7.41287899017334,0.8145087969624913,0.016996633405133656,5.754399373371569,69.63980150222778
39,1.9034552574157715,6.018856048583984,7.478359222412109,0.8048364446769416,0.01684547105928689,6.025595860743578,71.43206453323364
40,1.9091806411743164,6.019805908203125,7.563290119171143,0.7959242357956826,0.016691306063588582,6.309573444801932,73.20198273658752
41,1.9220294952392578,6.065458297729492,7.701758861541748,0.7875419636956166,0.016534206039901057,6.606934480075958,74.92277717590332
42,1.9432951211929321,6.164350509643555,7.907467365264893,0.7795606639770527,0.016374239897486896,6.918309709189365,76.68216228485107
43,1.9707772731781006,6.305248260498047,8.167574882507324,0.7719853629994093,0.016211477802783106,7.2443596007499025,78.43662214279175
44,2.0002970695495605,6.464731216430664,8.450559616088867,0.7650062848053062,0.01604599114862375,7.5857757502918375,80.24587988853455
45,2.026977062225342,6.612412929534912,8.714648246765137,0.7587699173043123,0.015877852522924733,7.943282347242814,82.07964324951172
46,2.048214912414551,6.730014801025391,8.933897018432617,0.7533123324725055,0.01570713567684432,8.31763771102671,83.84397912025452
47,2.0647780895233154,6.820335388183594,9.112504959106445,0.7484588945399745,0.015533915492433442,8.709635899560805,85.6064658164978
48,2.079930067062378,6.9036078453063965,9.279576301574707,0.7439572261649637,0.015358267949789966,9.120108393559095,87.40201449394226
49,2.097066640853882,7.002370357513428,9.46768569946289,0.7396073950690968,0.015180270093731303,9.549925860214355,89.15109419822693
50,2.1177306175231934,7.127681732177734,9.693689346313477,0.73529091737272,0.015,9.999999999999998,90.9085328578949
51,2.140655994415283,7.271968841552734,9.94714069366455,0.7310612230692187,0.014817536741017153,10.471285480508996,92.65740036964417
52,2.1633358001708984,7.418078899383545,10.203710556030273,0.7269981697980271,0.01463296035119862,10.964781961431848,94.40562725067139
53,2.183960199356079,7.552927494049072,10.443556785583496,0.7232140973728958,0.014446351791849275,11.481536214968823,96.18118572235107
54,2.2020606994628906,7.672822952270508,10.659344673156738,0.7198212636459855,0.014257792915650727,12.022644346174127,97.92837285995483
55,2.219111680984497,7.788671016693115,10.865070343017578,0.7168541731253287,0.014067366430758002,12.589254117941675,99.74433588981628
56,2.237067937850952,7.915788173675537,11.08149528503418,0.714324914649856,0.01387515586452103,13.18256738556407,101.65957069396973
57,2.2564496994018555,8.058579444885254,11.315369606018066,0.7121799574800098,0.013681245526846781,13.803842646028846,103.47088384628296
58,2.277090072631836,8.216471672058105,11.565646171569824,0.7104204598835795,0.013485720473218152,14.454397707459275,105.27083373069763
59,2.2974328994750977,8.37670612335205,11.815485954284668,0.7089599323939515,0.013288666467385832,15.135612484362087,107.06859683990479
60,2.316479444503784,8.530320167541504,12.053220748901367,0.7077212261559486,0.013090169943749475,15.848931924611136,108.87376260757446
61,2.333402633666992,8.66895580291748,12.268773078918457,0.7065870195131996,0.012890317969444716,16.595869074375603,110.74124932289124
62,2.3487443923950195,8.795762062072754,12.468666076660156,0.7054292743099968,0.012689198206152656,17.37800828749375,112.59880924224854
63,2.3634490966796875,8.918213844299316,12.664501190185547,0.7041899013922357,0.012486898871648546,18.197008586099834,114.40436697006226
64,2.3786346912384033,9.045321464538574,12.87157917022705,0.7027359537561944,0.012283508701106558,19.054607179632466,116.25646781921387
65,2.3938515186309814,9.173324584960938,13.084173202514648,0.701100821807924,0.012079116908177595,19.952623149688787,118.09949684143066
66,2.409313201904297,9.304444313049316,13.304925918579102,0.6993232709440207,0.011873813145857249,20.892961308540393,119.8909056186676
67,2.4241409301757812,9.430806159973145,13.521757125854492,0.6974541897324958,0.011667687467161023,21.877616239495527,121.73790955543518
68,2.437882423400879,9.548605918884277,13.727068901062012,0.6956041371763525,0.011460830285624118,22.908676527677727,123.56948685646057
69,2.451028347015381,9.662459373474121,13.926705360412598,0.6938079842587525,0.011253332335643042,23.988329190194897,125.39564776420593
70,2.4645304679870605,9.781994819641113,14.133075714111328,0.6921348910537201,0.011045284632676537,25.1188643150958,127.20475268363953
71,2.4788150787353516,9.910746574401855,14.353743553161621,0.6904642358765131,0.010836778433323155,26.302679918953825,128.9848337173462
72,2.49428653717041,10.053492546081543,14.594624519348145,0.688849002778585,0.010627905195293134,27.542287033381665,130.7505099773407
73,2.510171413421631,10.203365325927734,14.844437599182129,0.6873527715518986,0.010418756537291999,28.840315031266055,132.51203536987305
74,2.5267539024353027,10.363009452819824,15.108612060546875,0.6859008234038962,0.01020942419883357,30.199517204020164,134.26088738441467
75,2.5436081886291504,10.528117179870605,15.381525039672852,0.68446510685483,0.01,31.62277660168379,136.08843421936035
76,2.5609376430511475,10.699962615966797,15.668229103088379,0.68290823076215,0.009790575801166433,33.1131121482591,137.87012767791748
77,2.5782268047332764,10.873778343200684,15.960219383239746,0.6813050674365321,0.009581243462708004,34.673685045253144,139.66327905654907
78,2.5953893661499023,11.048615455627441,16.256193161010742,0.6796557684935756,0.009372094804706868,36.30780547701014,141.49148893356323
79,2.612358570098877,11.223311424255371,16.555591583251953,0.6779166644584586,0.009163221566676845,38.01893963205612,143.32324934005737
80,2.6292543411254883,11.399855613708496,16.859394073486328,0.6761723205483187,0.008954715367323467,39.81071705534972,145.13152289390564
81,2.645535469055176,11.57186508178711,17.158506393432617,0.6744098126288861,0.008746667664356958,41.686938347033525,146.92533612251282
82,2.663297653198242,11.761425018310547,17.49246597290039,0.6723708959349051,0.008539169714375888,43.65158322401657,148.72540426254272
83,2.681518077850342,11.958328247070312,17.842947006225586,0.6701991684948266,0.008332312532838976,45.70881896148751,150.50897216796875
84,2.6988606452941895,12.15012264251709,18.181087493896484,0.6682836022100054,0.008126186854142754,47.86300923226383,152.3067398071289
85,2.7154650688171387,12.337642669677734,18.509334564208984,0.6665632752424306,0.007920883091822406,50.118723362727216,154.16498708724976
86,2.7329323291778564,12.537585258483887,18.86170768737793,0.6647110360465003,0.0077164912988934445,52.480746024977286,155.92730736732483
87,2.749739408493042,12.732276916503906,19.208221435546875,0.6628555881254471,0.007513101128351454,54.95408738576247,157.75124669075012
88,2.7672019004821777,12.939362525939941,19.57257843017578,0.6610964708661061,0.007310801793847346,57.543993733715695,159.6087441444397
89,2.785125255584717,13.158114433288574,19.94965171813965,0.6595661227170005,0.007109682030555282,60.255958607435765,161.42248106002808
90,2.8015875816345215,13.363853454589844,20.30000877380371,0.6583176196374193,0.006909830056250526,63.09573444801931,163.24040579795837
91,2.817465305328369,13.561163902282715,20.650104522705078,0.6567116349155216,0.006711333532614168,66.06934480075962,165.0234272480011
92,2.8357768058776855,13.792014122009277,21.06186866760254,0.6548333549920744,0.00651427952678185,69.18309709189366,166.79851293563843
93,2.8540992736816406,14.023357391357422,21.48756217956543,0.6526267276933312,0.006318754473153223,72.44359600749901,168.58774852752686
94,2.8718185424804688,14.251816749572754,21.905826568603516,0.6505947951764803,0.006124844135478971,75.85775750291836,170.37107872962952
95,2.887310028076172,14.456077575683594,22.275888442993164,0.6489562745242637,0.005932633569241998,79.43282347242811,172.13878798484802
96,2.902780055999756,14.666464805603027,22.64629554748535,0.6476319614768494,0.005742207084349273,83.17637711026705,173.93927335739136
97,2.9195499420166016,14.889281272888184,23.068275451660156,0.6454440560191942,0.005553648208150728,87.096358995608,175.70834946632385
98,2.9368672370910645,15.121337890625,23.51474952697754,0.6430575785328373,0.005367039648801385,91.20108393559089,177.47456097602844
99,2.9541826248168945,15.354194641113281,23.974159240722656,0.640447678975616,0.005182463258982846,95.49925860214357,179.27547454833984
100,2.969832420349121,15.5691499710083,24.394878387451172,0.6382138793123273,0.0049999999999999975,99.99999999999996,181.11002683639526
101,2.984022617340088,15.7696533203125,24.77803611755371,0.6364367718852438,0.0048197299062687,104.71285480508989,182.8997883796692
102,3.002598524093628,16.041589736938477,25.279970169067383,0.6345573048407455,0.004641732050210036,109.64781961431851,184.69185328483582
103,3.017605781555176,16.251806259155273,25.713289260864258,0.6320391799850347,0.00446608450756656,114.81536214968826,186.41990208625793
104,3.0358448028564453,16.513978958129883,26.245182037353516,0.6292194481495955,0.004292864323155684,120.22644346174125,188.19366240501404
105,3.054615020751953,16.788480758666992,26.80361557006836,0.6263513485626204,0.0041221474770752695,125.89254117941665,190.00226283073425
106,3.0767297744750977,17.13673973083496,27.446401596069336,0.6243710918114865,0.003954008851376252,131.82567385564062,191.8491358757019
107,3.087575912475586,17.31046485900879,27.766796112060547,0.6234231990304903,0.0037885221972168972,138.0384264602885,193.62941813468933
108,3.0967328548431396,17.452123641967773,28.050439834594727,0.6221693401200566,0.0036257601025131026,144.54397707459273,195.40431809425354
109,3.119443893432617,17.815248489379883,28.7556095123291,0.6195399364336511,0.0034657939600989487,151.35612484362076,197.15637826919556
110,3.1310343742370605,17.987380981445312,29.14834976196289,0.6170977474998366,0.0033086939364114177,158.4893192461114,198.93407368659973
111,3.137242317199707,18.054086685180664,29.403465270996094,0.6140122097441625,0.0031545289407131126,165.95869074375608,200.72469925880432
112,3.157440185546875,18.3751220703125,30.08067512512207,0.6108613584595309,0.0030033665948663445,173.78008287493753,202.52234864234924
113,3.1681666374206543,18.544889450073242,30.45162582397461,0.6089950519315858,0.002855273203671969,181.9700858609983,204.33048129081726
114,3.1732401847839355,18.605493545532227,30.66197395324707,0.6067937300416798,0.002710313725785887,190.54607179632464,206.10932850837708
115,3.1919493675231934,18.919248580932617,31.303150177001953,0.6043880080424544,0.0025685517452260563,199.52623149688802,207.88043904304504
116,3.1958155632019043,18.977136611938477,31.44990348815918,0.6034084212399166,0.002430049443482437,208.92961308540396,209.62352418899536
117,3.2045440673828125,19.123367309570312,31.759023666381836,0.6021396473158128,0.0022948675722421086,218.7761623949552,211.3506999015808
118,3.2045280933380127,19.10301399230957,31.791852951049805,0.6008776532063749,0.0021630654267416026,229.08676527677744,213.07012963294983
119,3.2113184928894043,19.217214584350586,32.0350456237793,0.599880980662167,0.0020347008197580375,239.88329190194912,214.76771521568298
120,3.2287425994873047,19.549978256225586,32.60647964477539,0.5995734120704908,0.0019098300562505265,251.18864315095806,216.5127444267273
121,3.236912727355957,19.684438705444336,32.917266845703125,0.5979973610115585,0.0017885079086629597,263.02679918953817,218.24883341789246
122,3.237588405609131,19.668859481811523,32.987876892089844,0.5962450856159015,0.0016707875928990057,275.4228703338166,220.06320524215698
123,3.2377026081085205,19.637855529785156,33.04750442504883,0.5942311188526468,0.0015567207449798492,288.4031503126605,221.80513215065002
124,3.2460646629333496,19.76842498779297,33.38289260864258,0.5921723207016063,0.0014463573983949341,301.99517204020145,223.51656913757324
125,3.25874924659729,20.000967025756836,33.84251403808594,0.5910012182678689,0.0013397459621556152,316.2277660168377,225.252512216568
126,3.2554872035980225,19.91556739807129,33.7666130065918,0.5898005640714646,0.0012369331995613641,331.1311214825911,226.98508882522583
127,3.2578487396240234,19.958946228027344,33.85274124145508,0.5895813897512563,0.0011379642076878528,346.73685045253154,228.7146966457367
128,3.2592313289642334,19.970205307006836,33.92734146118164,0.588616863182616,0.0010428823976058733,363.0780547701012,230.44151401519775
129,3.2793517112731934,20.368865966796875,34.629150390625,0.5881999915398057,0.0009517294753398065,380.18939632056095,232.12810611724854
130,3.270711898803711,20.19352149963379,34.33146286010742,0.5881928650088991,0.0008645454235739925,398.1071705534969,233.83539175987244
131,3.2808420658111572,20.39361000061035,34.69038009643555,0.5878750807548867,0.0007813684841149937,416.8693834703353,235.5575668811798
132,3.274660587310791,20.254409790039062,34.499629974365234,0.5870906385108595,0.0007022351411174866,436.5158322401658,237.27052402496338
133,3.269789457321167,20.14548683166504,34.349884033203125,0.5864790347528253,0.0006271801050810855,457.08818961487475,238.99484276771545
134,3.2676663398742676,20.094181060791016,34.29167175292969,0.5859784616383917,0.00055623629762519,478.6300923226384,240.68597865104675
135,3.2836036682128906,20.41824722290039,34.84043502807617,0.5860502949072178,0.0004894348370484647,501.1872336272723,242.41228604316711
136,3.269800901412964,20.13055992126465,34.37614440917969,0.5855967929867221,0.0004268050246793276,524.8074602497725,244.11667323112488
137,3.2763428688049316,20.270235061645508,34.58887481689453,0.586033375440827,0.000368374332023419,549.5408738576243,245.88497018814087
138,3.2808501720428467,20.352680206298828,34.76070785522461,0.5855082206917483,0.00031416838871368925,575.4399373371566,247.6217122077942
139,3.276339292526245,20.26060676574707,34.60506820678711,0.5854809083073201,0.0002642109712683971,602.5595860743578,249.34131789207458
140,3.2794907093048096,20.31634521484375,34.728328704833984,0.5850078587863413,0.00021852399266194422,630.9573444801932,251.11692023277283
141,3.2693700790405273,20.102872848510742,34.393836975097656,0.5844905546032954,0.0001771274927131139,660.6934480075959,252.8408522605896
142,3.280165195465088,20.324600219726562,34.76109313964844,0.5846939317493378,0.00014003962929495017,691.8309709189367,254.55497336387634
143,3.2798967361450195,20.31641387939453,34.75643539428711,0.5845367526594324,0.00010727667037011668,724.4359600749902,256.32481837272644
144,3.292538642883301,20.57345962524414,35.201026916503906,0.5844562340196315,7.885298685522235e-05,758.5775750291838,258.0468032360077
145,3.284431219100952,20.405370712280273,34.92015838623047,0.5843435899284416,5.47810463172671e-05,794.3282347242814,259.75369358062744
146,3.2866973876953125,20.448671340942383,35.0045051574707,0.5841725586164334,3.5071407504956296e-05,831.7637711026707,261.479834318161
147,3.2801313400268555,20.318452835083008,34.76923751831055,0.5843801672205812,1.973271571728441e-05,870.9635899560809,263.26762199401855
148,3.2897210121154785,20.5108585357666,35.11004638671875,0.5841877367477577,8.771699011416168e-06,912.0108393559099,264.96703028678894
149,3.2861104011535645,20.44108009338379,34.97642135620117,0.5844245723486255,2.193165251545004e-06,954.9925860214358,266.695191860199
